shipment_id,origin_district,destination_district,shipping_mode,distance_km,scheduled_delivery_days,actual_delivery_days,predicted_delivery_days,predicted_delay_days,high_risk
UKL10001,Almora,Rudraprayag,Standard,215.1,6.4,5.42,5.457738808326424,-0.9422611916735759,0
UKL10002,Pauri Garhwal,Tehri Garhwal,First Class,308.9,4.7,4.13,4.484332355679726,-0.2156676443202743,0
UKL10003,Pithoragarh,Bageshwar,Second Class,593.1000000000001,5.7,5.33,5.693822678920085,-0.006177321079914755,0
UKL10004,Pauri Garhwal,Almora,First Class,349.2,4.7,3.73,4.247774977987386,-0.4522250220126143,0
UKL10005,Chamoli,Champawat,Second Class,383.6,5.7,6.56,5.703746990503418,0.0037469905034175355,1
UKL10006,Chamoli,Haridwar,Second Class,336.7,5.7,6.41,5.849822018803335,0.14982201880333523,1
UKL10007,Uttarkashi,Pauri Garhwal,First Class,329.8,4.7,3.95,4.084445266188327,-0.6155547338116731,0
UKL10008,Nainital,Uttarkashi,Same Day,518.6,3.1,4.3,4.255714180098906,1.1557141800989057,1
UKL10009,Rudraprayag,Champawat,Standard,218.2,6.4,6.53,6.510752779881789,0.11075277988178822,1
UKL10010,Rudraprayag,Pauri Garhwal,Standard,350.0,6.4,6.89,6.66234736227215,0.2623473622721493,1
UKL10011,Almora,Haridwar,Second Class,409.7,5.7,5.63,5.426182510591537,-0.2738174894084633,0
UKL10012,Dehradun,Pauri Garhwal,Same Day,293.1,3.1,2.12,2.5989403217371247,-0.5010596782628753,0
UKL10013,Haridwar,Udham Singh Nagar,Second Class,157.1,5.7,5.85,5.274459233107071,-0.4255407668929294,0
UKL10014,Dehradun,Bageshwar,First Class,156.6,4.7,5.1,4.043058355756111,-0.6569416442438891,0
UKL10015,Udham Singh Nagar,Champawat,Second Class,233.5,5.7,5.43,5.009440864464619,-0.6905591355353815,0
UKL10016,Bageshwar,Uttarkashi,Same Day,461.8,3.1,3.04,2.70389135129663,-0.39610864870337004,0
UKL10017,Dehradun,Nainital,Standard,287.7,6.4,5.91,6.063738353285528,-0.33626164671447256,0
UKL10018,Udham Singh Nagar,Pauri Garhwal,First Class,212.2,4.7,4.04,4.696190156908243,-0.003809843091756804,0
UKL10019,Udham Singh Nagar,Pauri Garhwal,Same Day,331.4,3.1,2.52,2.368066507029533,-0.7319334929704673,0
UKL10020,Almora,Rudraprayag,First Class,129.4,4.7,2.73,3.8747902418317217,-0.8252097581682785,0
UKL10021,Uttarkashi,Bageshwar,Second Class,325.3,5.7,5.18,5.0237131993869495,-0.6762868006130507,0
UKL10022,Champawat,Almora,Standard,163.8,6.4,5.69,5.537265462277686,-0.8627345377223143,0
UKL10023,Nainital,Udham Singh Nagar,Standard,327.6,6.4,7.25,6.654960407676443,0.25496040767644246,1
UKL10024,Dehradun,Almora,Standard,203.3,6.4,6.81,5.696543856167125,-0.7034561438328755,0
UKL10025,Almora,Haridwar,Standard,315.9,6.4,5.4,5.717891092969049,-0.6821089070309512,0
UKL10026,Haridwar,Almora,Second Class,215.2,5.7,5.45,5.021527424974297,-0.6784725750257028,0
UKL10027,Champawat,Rudraprayag,Standard,353.2,6.4,6.2,6.228863672890757,-0.17113632710924342,0
UKL10028,Udham Singh Nagar,Uttarkashi,Standard,343.5,6.4,6.1,6.194019461355497,-0.2059805386445035,0
UKL10029,Dehradun,Pithoragarh,Same Day,273.2,3.1,3.44,2.653789688014506,-0.4462103119854941,0
UKL10030,Champawat,Dehradun,Standard,96.9,6.4,6.87,5.635062962003462,-0.7649370379965381,0
UKL10031,Chamoli,Uttarkashi,First Class,298.0,4.7,4.49,4.771141261293995,0.07114126129399523,1
UKL10032,Nainital,Bageshwar,First Class,164.0,4.7,5.53,4.516766889668724,-0.1832331103312761,0
UKL10033,Udham Singh Nagar,Nainital,Second Class,116.1,5.7,4.91,4.765202103638976,-0.9347978963610242,0
UKL10034,Tehri Garhwal,Dehradun,Same Day,378.6,3.1,1.82,2.3018359250358618,-0.7981640749641383,0
UKL10035,Almora,Dehradun,Standard,163.1,6.4,6.07,5.866995380282092,-0.5330046197179081,0
UKL10036,Rudraprayag,Chamoli,Standard,400.4,6.4,6.08,6.098993194722956,-0.30100680527704426,0
UKL10037,Tehri Garhwal,Nainital,Second Class,420.5,5.7,4.88,5.439657135439659,-0.26034286456034117,0
UKL10038,Almora,Haridwar,Standard,357.7,6.4,5.81,6.013449288411813,-0.3865507115881872,0
UKL10039,Uttarkashi,Pauri Garhwal,Standard,504.1,6.4,7.36,6.925203842243215,0.525203842243215,1
UKL10040,Bageshwar,Champawat,Standard,380.7,6.4,7.15,6.55351329406237,0.15351329406236935,1
UKL10041,Uttarkashi,Rudraprayag,Standard,431.2,6.4,6.59,6.981542317631175,0.5815423176311745,1
UKL10042,Bageshwar,Pithoragarh,Standard,326.9,6.4,6.25,6.404706677550762,0.0047066775507618175,1
UKL10043,Haridwar,Rudraprayag,Second Class,362.3,5.7,6.1,5.6194499675637,-0.08055003243630043,0
UKL10044,Udham Singh Nagar,Nainital,Second Class,171.8,5.7,5.14,4.995826462323879,-0.7041735376761213,0
UKL10045,Haridwar,Pithoragarh,Standard,263.1,6.4,6.98,6.461872896056797,0.06187289605679691,1
UKL10046,Udham Singh Nagar,Almora,Second Class,332.3,5.7,6.08,5.220465965632875,-0.4795340343671253,0
UKL10047,Udham Singh Nagar,Pauri Garhwal,Second Class,316.1,5.7,4.41,5.2105924162795745,-0.4894075837204257,0
UKL10048,Nainital,Pauri Garhwal,Second Class,168.5,5.7,5.2,4.810158359493903,-0.8898416405060976,0
UKL10049,Champawat,Haridwar,Standard,299.5,6.4,6.05,5.76997016750101,-0.6300298324989901,0
UKL10050,Bageshwar,Uttarkashi,Standard,310.8,6.4,6.17,6.218140333832872,-0.1818596661671288,0
UKL10051,Uttarkashi,Bageshwar,Standard,250.3,6.4,5.71,5.768572931952859,-0.6314270680471417,0
UKL10052,Pauri Garhwal,Almora,Second Class,106.3,5.7,4.6,4.378891654737927,-1.3211083452620729,0
UKL10053,Dehradun,Nainital,Same Day,213.9,3.1,3.07,2.7197689716153235,-0.3802310283846766,0
UKL10054,Almora,Champawat,Standard,376.2,6.4,6.31,6.495669651850366,0.09566965185036569,1
UKL10055,Chamoli,Rudraprayag,Same Day,490.1,3.1,3.04,2.901658169258897,-0.19834183074110312,0
UKL10056,Pithoragarh,Udham Singh Nagar,Standard,213.0,6.4,6.23,6.126173248686188,-0.2738267513138126,0
UKL10057,Dehradun,Haridwar,Second Class,121.0,5.7,4.63,4.595853458055416,-1.1041465419445844,0
UKL10058,Tehri Garhwal,Uttarkashi,Standard,184.0,6.4,6.69,6.458070030284275,0.05807003028427449,1
UKL10059,Haridwar,Bageshwar,Second Class,276.9,5.7,5.47,5.346752827284452,-0.3532471727155482,0
UKL10060,Uttarkashi,Rudraprayag,Standard,289.2,6.4,7.61,6.834681983192215,0.43468198319221507,1
UKL10061,Dehradun,Haridwar,Standard,59.7,6.4,4.54,5.169664112176181,-1.230335887823819,0
UKL10062,Chamoli,Nainital,Standard,325.5,6.4,6.52,6.303943085703696,-0.09605691429630436,0
UKL10063,Haridwar,Almora,First Class,339.3,4.7,4.7,3.9600080082573763,-0.7399919917426239,0
UKL10064,Udham Singh Nagar,Champawat,Standard,249.9,6.4,5.96,6.212860676501496,-0.1871393234985046,0
UKL10065,Udham Singh Nagar,Bageshwar,Standard,285.6,6.4,6.26,6.211354010618315,-0.1886459893816852,0
UKL10066,Champawat,Haridwar,First Class,311.3,4.7,3.85,4.151513618974386,-0.5484863810256142,0
UKL10067,Champawat,Almora,Standard,187.5,6.4,4.8,5.538697916772687,-0.8613020832273133,0
UKL10068,Uttarkashi,Pithoragarh,Standard,495.6,6.4,6.95,6.601521348396726,0.2015213483967253,1
UKL10069,Nainital,Uttarkashi,Same Day,397.1,3.1,2.38,2.995024195948328,-0.10497580405167195,0
UKL10070,Nainital,Udham Singh Nagar,First Class,349.8,4.7,4.07,4.429460023899675,-0.2705399761003253,0
UKL10071,Chamoli,Uttarkashi,Second Class,579.2,5.7,5.58,6.316126771312266,0.616126771312266,1
UKL10072,Dehradun,Champawat,Standard,204.3,6.4,7.09,6.150174125069554,-0.24982587493044672,0
UKL10073,Chamoli,Bageshwar,First Class,412.2,4.7,5.23,4.90914758982228,0.20914758982227966,1
UKL10074,Chamoli,Pauri Garhwal,Standard,394.1,6.4,6.45,6.458362344275138,0.05836234427513798,1
UKL10075,Tehri Garhwal,Bageshwar,Same Day,322.3,3.1,2.75,2.8271759964743395,-0.2728240035256606,0
UKL10076,Champawat,Almora,Standard,303.8,6.4,6.14,6.424599165306603,0.024599165306602444,1
UKL10077,Pithoragarh,Chamoli,Standard,457.0,6.4,7.06,6.504351354410572,0.10435135441057142,1
UKL10078,Bageshwar,Champawat,Second Class,288.2,5.7,5.74,5.964149787876975,0.26414978787697496,1
UKL10079,Haridwar,Rudraprayag,Standard,364.8,6.4,5.84,6.476644594810658,0.07664459481065755,1
UKL10080,Champawat,Tehri Garhwal,Second Class,339.9,5.7,5.77,5.830860570942218,0.13086057094221815,1
UKL10081,Tehri Garhwal,Bageshwar,Second Class,254.2,5.7,4.73,5.333102965611681,-0.36689703438831955,0
UKL10082,Bageshwar,Tehri Garhwal,Standard,251.2,6.4,6.0,5.56260713571759,-0.8373928642824104,0
UKL10083,Tehri Garhwal,Nainital,Standard,253.1,6.4,5.0,5.954865837316282,-0.4451341626837184,0
UKL10084,Chamoli,Pauri Garhwal,First Class,538.2,4.7,4.84,4.784643968839982,0.08464396883998226,1
UKL10085,Pithoragarh,Haridwar,Standard,376.1,6.4,6.42,5.814535182278633,-0.585464817721367,0
UKL10086,Tehri Garhwal,Pithoragarh,Standard,364.0,6.4,6.73,6.61279950306117,0.21279950306117001,1
UKL10087,Chamoli,Almora,Standard,323.0,6.4,5.83,5.878675756673682,-0.5213242433263181,0
UKL10088,Chamoli,Nainital,Standard,408.3,6.4,7.13,7.094485122842142,0.694485122842142,1
UKL10089,Bageshwar,Rudraprayag,Standard,438.0,6.4,6.26,6.487727219479448,0.08772721947944806,1
UKL10090,Bageshwar,Pithoragarh,Standard,260.6,6.4,7.15,6.661507682576018,0.26150768257601786,1
UKL10091,Bageshwar,Pithoragarh,Standard,351.1,6.4,5.65,6.228319670416677,-0.17168032958332358,0
UKL10092,Haridwar,Pauri Garhwal,First Class,234.1,4.7,3.47,3.61620948591225,-1.0837905140877502,0
UKL10093,Almora,Haridwar,Standard,195.7,6.4,7.12,6.11582919099996,-0.28417080900004077,0
UKL10094,Uttarkashi,Pithoragarh,Standard,451.5,6.4,6.89,7.016933299966648,0.6169332999666475,1
UKL10095,Nainital,Pithoragarh,Second Class,282.5,5.7,5.44,5.252020733512424,-0.44797926648757613,0
UKL10096,Nainital,Rudraprayag,Second Class,351.9,5.7,5.82,5.913397277083516,0.21339727708351575,1
UKL10097,Almora,Nainital,Standard,112.6,6.4,6.18,5.614023445538307,-0.7859765544616932,0
UKL10098,Dehradun,Rudraprayag,Standard,288.0,6.4,6.74,6.384611280785611,-0.015388719214389113,0
UKL10099,Rudraprayag,Bageshwar,First Class,366.2,4.7,4.4,4.59763108644568,-0.10236891355432043,0
UKL10100,Bageshwar,Pauri Garhwal,Same Day,341.1,3.1,3.21,2.5326544551375454,-0.5673455448624547,0
UKL10101,Uttarkashi,Pithoragarh,Standard,321.6,6.4,5.95,6.367054717714817,-0.03294528228518345,0
UKL10102,Udham Singh Nagar,Champawat,Standard,291.7,6.4,6.32,5.944300169317419,-0.45569983068258146,0
UKL10103,Rudraprayag,Dehradun,Second Class,227.2,5.7,6.14,6.175836283525273,0.47583628352527274,1
UKL10104,Bageshwar,Haridwar,First Class,133.8,4.7,4.26,4.275666644675624,-0.424333355324376,0
UKL10105,Champawat,Haridwar,Standard,315.6,6.4,5.93,6.396437089313672,-0.0035629106863286353,0
UKL10106,Uttarkashi,Chamoli,First Class,441.9,4.7,4.75,5.279041191154244,0.5790411911542437,1
UKL10107,Uttarkashi,Nainital,Standard,466.7,6.4,7.19,6.561907237988027,0.16190723798802686,1
UKL10108,Haridwar,Rudraprayag,Second Class,265.9,5.7,5.23,5.459670695970165,-0.2403293040298351,0
UKL10109,Chamoli,Nainital,Standard,417.6,6.4,7.07,6.933792528681371,0.5337925286813707,1
UKL10110,Almora,Chamoli,Standard,412.9,6.4,5.89,5.909317614537601,-0.4906823854623994,0
UKL10111,Bageshwar,Tehri Garhwal,First Class,348.7,4.7,5.11,4.325456207819062,-0.3745437921809378,0
UKL10112,Haridwar,Rudraprayag,Same Day,348.0,3.1,1.47,2.4290047034275037,-0.6709952965724963,0
UKL10113,Uttarkashi,Champawat,Standard,278.2,6.4,5.82,5.498616508722607,-0.901383491277393,0
UKL10114,Dehradun,Pithoragarh,Same Day,345.1,3.1,2.41,2.699249274851326,-0.40075072514867394,0
UKL10115,Uttarkashi,Haridwar,Standard,291.0,6.4,7.18,7.084409474725376,0.6844094747253759,1
UKL10116,Haridwar,Nainital,First Class,136.0,4.7,4.0,4.003367038258797,-0.6966329617412033,0
UKL10117,Uttarkashi,Rudraprayag,Standard,291.1,6.4,6.63,6.249242659890119,-0.15075734010988118,0
UKL10118,Champawat,Chamoli,First Class,317.7,4.7,4.31,4.940062143941956,0.24006214394195613,1
UKL10119,Champawat,Almora,First Class,253.2,4.7,4.52,4.345321791927533,-0.3546782080724675,0
UKL10120,Pithoragarh,Dehradun,Standard,405.9,6.4,5.74,5.983764581417258,-0.41623541858274216,0
UKL10121,Nainital,Dehradun,First Class,267.5,4.7,3.75,4.266155918389976,-0.4338440816100242,0
UKL10122,Bageshwar,Pithoragarh,Standard,268.8,6.4,6.04,6.025529900102851,-0.37447009989714974,0
UKL10123,Dehradun,Pithoragarh,Standard,223.7,6.4,5.51,6.074207175716978,-0.32579282428302214,0
UKL10124,Haridwar,Uttarkashi,Standard,370.6,6.4,6.57,6.750856986426918,0.3508569864269173,1
UKL10125,Bageshwar,Almora,Standard,477.3,6.4,6.06,6.6127188973720274,0.2127188973720271,1
UKL10126,Champawat,Pauri Garhwal,Second Class,197.0,5.7,5.17,5.345146698711021,-0.35485330128897896,0
UKL10127,Rudraprayag,Haridwar,Second Class,311.9,5.7,5.16,5.837774889037128,0.13777488903712776,1
UKL10128,Rudraprayag,Tehri Garhwal,Second Class,537.3,5.7,6.09,5.845132865972859,0.14513286597285902,1
UKL10129,Uttarkashi,Bageshwar,Standard,257.7,6.4,6.79,6.276565534477543,-0.12343446552245751,0
UKL10130,Champawat,Uttarkashi,Standard,439.3,6.4,6.0,6.537030415415771,0.13703041541577043,1
UKL10131,Pauri Garhwal,Dehradun,Standard,227.5,6.4,5.32,5.67959861030326,-0.7204013896967405,0
UKL10132,Nainital,Haridwar,First Class,258.4,4.7,4.26,4.43056151878414,-0.2694384812158601,0
UKL10133,Pauri Garhwal,Almora,Second Class,427.0,5.7,6.18,5.700991205152237,0.0009912051522364962,1
UKL10134,Uttarkashi,Bageshwar,Standard,214.5,6.4,5.35,5.52014304847741,-0.8798569515225907,0
UKL10135,Bageshwar,Rudraprayag,Standard,425.0,6.4,5.01,5.969565055407327,-0.4304349445926734,0
UKL10136,Dehradun,Uttarkashi,Standard,340.7,6.4,5.79,6.252634348811995,-0.1473656511880055,0
UKL10137,Rudraprayag,Tehri Garhwal,Standard,406.3,6.4,5.8,5.982326053358318,-0.4176739466416821,0
UKL10138,Uttarkashi,Pauri Garhwal,Second Class,271.4,5.7,4.95,5.122642047395749,-0.5773579526042516,0
UKL10139,Almora,Uttarkashi,Standard,353.3,6.4,5.98,5.838156439989057,-0.561843560010943,0
UKL10140,Uttarkashi,Almora,Second Class,328.8,5.7,5.48,5.361793847718014,-0.3382061522819866,0
UKL10141,Pauri Garhwal,Haridwar,Second Class,330.5,5.7,5.9,5.323854470760729,-0.37614552923927125,0
UKL10142,Tehri Garhwal,Pauri Garhwal,Standard,402.6,6.4,5.63,6.061025620390133,-0.3389743796098674,0
UKL10143,Dehradun,Rudraprayag,Same Day,394.5,3.1,3.9,3.3164839180043555,0.2164839180043554,1
UKL10144,Pauri Garhwal,Bageshwar,Standard,346.2,6.4,5.74,6.018242793856166,-0.3817572061438348,0
UKL10145,Nainital,Dehradun,Standard,131.6,6.4,5.81,6.160996023643392,-0.2390039763566083,0
UKL10146,Dehradun,Tehri Garhwal,Standard,342.2,6.4,6.07,5.789297357481592,-0.6107026425184081,0
UKL10147,Champawat,Rudraprayag,Second Class,369.2,5.7,5.62,5.5285513686189525,-0.1714486313810477,0
UKL10148,Almora,Dehradun,First Class,370.6,4.7,4.75,4.363064932791048,-0.3369350672089526,0
UKL10149,Rudraprayag,Dehradun,Same Day,443.2,3.1,3.06,2.8793463948436937,-0.2206536051563064,0
UKL10150,Dehradun,Uttarkashi,Standard,179.3,6.4,4.96,5.849836074866356,-0.5501639251336448,0
UKL10151,Udham Singh Nagar,Champawat,Standard,284.6,6.4,6.29,6.263704243147896,-0.13629575685210416,0
UKL10152,Udham Singh Nagar,Champawat,Standard,343.1,6.4,5.24,5.815791703243372,-0.5842082967566284,0
UKL10153,Chamoli,Nainital,Standard,432.3,6.4,6.84,6.490044825963189,0.0900448259631883,1
UKL10154,Champawat,Nainital,First Class,326.6,4.7,4.93,4.9225387471723945,0.2225387471723943,1
UKL10155,Tehri Garhwal,Nainital,First Class,284.2,4.7,4.37,3.8204752665137356,-0.8795247334862646,0
UKL10156,Pithoragarh,Bageshwar,Same Day,419.8,3.1,3.05,3.031141964299265,-0.0688580357007349,0
UKL10157,Champawat,Bageshwar,Standard,297.2,6.4,6.7,6.634547999268711,0.2345479992687105,1
UKL10158,Rudraprayag,Udham Singh Nagar,Second Class,128.4,5.7,4.94,5.10672964705381,-0.59327035294619,0
UKL10159,Champawat,Haridwar,Standard,172.0,6.4,6.4,5.822619800727002,-0.5773801992729988,0
UKL10160,Chamoli,Bageshwar,First Class,372.8,4.7,3.6,4.361122317281823,-0.3388776827181772,0
UKL10161,Almora,Uttarkashi,Second Class,119.3,5.7,4.92,5.079749538547972,-0.6202504614520281,0
UKL10162,Pithoragarh,Uttarkashi,Same Day,397.6,3.1,2.48,3.3703310501100554,0.2703310501100553,1
UKL10163,Pauri Garhwal,Tehri Garhwal,Second Class,466.0,5.7,5.02,5.126592771017721,-0.5734072289822789,0
UKL10164,Udham Singh Nagar,Pithoragarh,Second Class,315.9,5.7,5.11,4.873302111909249,-0.8266978880907514,0
UKL10165,Rudraprayag,Nainital,First Class,459.7,4.7,3.17,4.494969747059373,-0.20503025294062738,0
UKL10166,Pithoragarh,Haridwar,Standard,240.4,6.4,5.16,5.541759669217103,-0.8582403307828974,0
UKL10167,Bageshwar,Uttarkashi,First Class,266.6,4.7,5.24,4.463868434693518,-0.23613156530648194,0
UKL10168,Udham Singh Nagar,Bageshwar,First Class,263.8,4.7,3.98,4.384742638656429,-0.31525736134357096,0
UKL10169,Tehri Garhwal,Almora,Same Day,243.7,3.1,1.43,1.9481889919505875,-1.1518110080494126,0
UKL10170,Pithoragarh,Almora,Second Class,427.5,5.7,4.73,5.078405730160171,-0.6215942698398296,0
UKL10171,Udham Singh Nagar,Uttarkashi,First Class,239.9,4.7,4.24,4.090787601197373,-0.6092123988026268,0
UKL10172,Pauri Garhwal,Dehradun,Second Class,365.0,5.7,5.84,5.690621283963008,-0.009378716036992252,0
UKL10173,Udham Singh Nagar,Champawat,Second Class,342.4,5.7,5.48,5.561669562179595,-0.13833043782040555,0
UKL10174,Udham Singh Nagar,Tehri Garhwal,Standard,368.1,6.4,6.67,6.440301407663853,0.04030140766385237,1
UKL10175,Pithoragarh,Tehri Garhwal,Same Day,410.5,3.1,2.5,2.9094464211587883,-0.19055357884121182,0
UKL10176,Chamoli,Nainital,Standard,383.3,6.4,4.81,6.0155805085413725,-0.38441949145862786,0
UKL10177,Chamoli,Almora,Standard,372.5,6.4,6.55,6.863591998254468,0.4635919982544676,1
UKL10178,Bageshwar,Chamoli,Standard,471.9,6.4,6.66,6.2649212692352565,-0.13507873076474386,0
UKL10179,Haridwar,Chamoli,Same Day,222.1,3.1,3.81,3.3413196422683207,0.2413196422683206,1
UKL10180,Dehradun,Rudraprayag,Standard,248.8,6.4,6.27,6.53362839983882,0.1336283998388197,1
UKL10181,Udham Singh Nagar,Nainital,Second Class,223.7,5.7,4.38,5.4571583411511035,-0.24284165884889664,0
UKL10182,Dehradun,Udham Singh Nagar,Standard,210.7,6.4,6.53,6.241151378296067,-0.15884862170393355,0
UKL10183,Champawat,Haridwar,First Class,290.5,4.7,3.37,3.820098410218357,-0.8799015897816433,0
UKL10184,Chamoli,Pauri Garhwal,First Class,273.9,4.7,4.33,3.94046585911937,-0.7595341408806302,0
UKL10185,Haridwar,Chamoli,First Class,292.8,4.7,3.97,4.28599229901095,-0.4140077009890506,0
UKL10186,Uttarkashi,Chamoli,Standard,431.4,6.4,7.41,6.571402992584183,0.17140299258418246,1
UKL10187,Dehradun,Udham Singh Nagar,Second Class,44.7,5.7,4.34,4.689907808732174,-1.0100921912678258,0
UKL10188,Uttarkashi,Chamoli,Second Class,304.9,5.7,6.28,5.889613888792805,0.18961388879280516,1
UKL10189,Pauri Garhwal,Nainital,Same Day,271.2,3.1,2.35,2.8315822128706,-0.26841778712940023,0
UKL10190,Rudraprayag,Nainital,Second Class,382.3,5.7,5.12,5.627752139787217,-0.07224786021278362,0
UKL10191,Udham Singh Nagar,Nainital,Standard,312.0,6.4,6.61,6.343650392043325,-0.05634960795667521,0
UKL10192,Haridwar,Pauri Garhwal,Standard,267.5,6.4,6.0,6.139795951172113,-0.2602040488278874,0
UKL10193,Chamoli,Udham Singh Nagar,First Class,159.1,4.7,3.87,4.2296097969362485,-0.4703902030637517,0
UKL10194,Champawat,Bageshwar,Standard,277.5,6.4,5.83,6.113290875483052,-0.28670912451694797,0
UKL10195,Nainital,Champawat,Second Class,180.3,5.7,4.29,4.880636464081002,-0.8193635359189981,0
UKL10196,Rudraprayag,Uttarkashi,Same Day,359.4,3.1,3.54,2.921393263330842,-0.17860673666915794,0
UKL10197,Pauri Garhwal,Chamoli,Second Class,204.3,5.7,4.59,5.427099790790407,-0.27290020920959357,0
UKL10198,Nainital,Champawat,Standard,396.2,6.4,5.63,6.132650950515642,-0.2673490494843582,0
UKL10199,Almora,Chamoli,First Class,360.7,4.7,4.64,4.68325086584525,-0.016749134154750323,0
UKL10200,Pithoragarh,Bageshwar,Second Class,263.6,5.7,5.94,5.60596821888676,-0.09403178111324006,0
UKL10201,Pithoragarh,Champawat,First Class,471.2,4.7,4.98,4.688821379304414,-0.011178620695586616,0
UKL10202,Tehri Garhwal,Bageshwar,Standard,402.4,6.4,5.61,5.900423257291473,-0.4995767427085269,0
UKL10203,Pithoragarh,Uttarkashi,Standard,484.5,6.4,6.34,6.4402128664425025,0.040212866442502104,1
UKL10204,Uttarkashi,Champawat,Second Class,228.4,5.7,5.08,5.009487068551225,-0.690512931448775,0
UKL10205,Bageshwar,Chamoli,Standard,177.3,6.4,5.38,5.626081025387237,-0.773918974612763,0
UKL10206,Nainital,Uttarkashi,Second Class,161.9,5.7,5.93,5.349577643943826,-0.3504223560561739,0
UKL10207,Bageshwar,Pithoragarh,Standard,341.8,6.4,5.58,6.020218232675449,-0.37978176732455093,0
UKL10208,Chamoli,Nainital,Standard,240.0,6.4,7.05,6.34992591381797,-0.0500740861820308,0
UKL10209,Pithoragarh,Pauri Garhwal,Standard,336.6,6.4,6.44,6.293646683995795,-0.10635331600420539,0
UKL10210,Udham Singh Nagar,Nainital,Standard,260.3,6.4,5.97,5.990287256483894,-0.4097127435161063,0
UKL10211,Haridwar,Bageshwar,Second Class,297.5,5.7,4.95,5.230229778044168,-0.46977022195583196,0
UKL10212,Champawat,Uttarkashi,Standard,377.8,6.4,6.78,6.717141021944091,0.31714102194409044,1
UKL10213,Udham Singh Nagar,Nainital,Standard,194.0,6.4,6.42,6.0888447233643666,-0.3111552766356338,0
UKL10214,Pithoragarh,Almora,Second Class,426.2,5.7,5.26,5.074021831794948,-0.6259781682050525,0
UKL10215,Pithoragarh,Tehri Garhwal,Standard,398.6,6.4,6.09,6.2481579408355605,-0.15184205916443982,0
UKL10216,Almora,Dehradun,Standard,431.9,6.4,5.72,5.93769224043508,-0.4623077595649203,0
UKL10217,Nainital,Tehri Garhwal,Standard,273.6,6.4,6.09,6.631669105697728,0.23166910569772803,1
UKL10218,Haridwar,Champawat,Second Class,230.3,5.7,4.81,5.126793216398549,-0.5732067836014512,0
UKL10219,Pauri Garhwal,Tehri Garhwal,Standard,322.5,6.4,5.78,6.305956953644782,-0.09404304635521843,0
UKL10220,Bageshwar,Almora,Standard,593.1000000000001,6.4,6.17,6.163337198613608,-0.23666280138639273,0
UKL10221,Udham Singh Nagar,Nainital,Standard,367.4,6.4,7.38,7.2767289911790325,0.8767289911790321,1
UKL10222,Almora,Nainital,First Class,395.9,4.7,4.24,4.011946162993975,-0.6880538370060254,0
UKL10223,Bageshwar,Rudraprayag,Standard,449.7,6.4,7.49,6.694067608622129,0.2940676086221288,1
UKL10224,Bageshwar,Udham Singh Nagar,Standard,202.9,6.4,5.11,5.570130055469968,-0.8298699445300324,0
UKL10225,Nainital,Rudraprayag,First Class,491.4,4.7,5.03,5.0356656437027585,0.3356656437027583,1
UKL10226,Udham Singh Nagar,Uttarkashi,Same Day,269.1,3.1,3.78,3.433560538146028,0.33356053814602804,1
UKL10227,Udham Singh Nagar,Tehri Garhwal,Standard,147.6,6.4,5.92,6.2615326426341475,-0.1384673573658528,0
UKL10228,Chamoli,Champawat,Same Day,260.4,3.1,1.69,2.5285982754454137,-0.5714017245545864,0
UKL10229,Bageshwar,Chamoli,Second Class,194.7,5.7,5.11,5.569490450081076,-0.1305095499189246,0
UKL10230,Haridwar,Rudraprayag,Standard,208.6,6.4,6.8,6.136219448891489,-0.2637805511085114,0
UKL10231,Pauri Garhwal,Tehri Garhwal,Standard,212.6,6.4,5.18,5.655995988345996,-0.7440040116540043,0
UKL10232,Haridwar,Pauri Garhwal,First Class,243.4,4.7,3.31,4.204299575118837,-0.4957004248811634,0
UKL10233,Pauri Garhwal,Pithoragarh,Standard,472.2,6.4,6.73,6.848779240109886,0.4487792401098858,1
UKL10234,Nainital,Pithoragarh,First Class,256.3,4.7,4.08,4.259619551827748,-0.4403804481722524,0
UKL10235,Bageshwar,Udham Singh Nagar,Standard,125.5,6.4,6.0,5.426139387345031,-0.9738606126549696,0
UKL10236,Champawat,Uttarkashi,Second Class,253.3,5.7,5.59,5.443418787695792,-0.2565812123042086,0
UKL10237,Champawat,Chamoli,Standard,376.7,6.4,6.61,6.689344104064679,0.2893441040646785,1
UKL10238,Bageshwar,Dehradun,Standard,222.9,6.4,5.83,5.822900900234781,-0.5770990997652197,0
UKL10239,Haridwar,Dehradun,Standard,103.5,6.4,5.11,5.651256437167896,-0.7487435628321046,0
UKL10240,Bageshwar,Pithoragarh,Same Day,307.7,3.1,2.62,2.865847800993086,-0.23415219900691397,0
UKL10241,Pauri Garhwal,Tehri Garhwal,Standard,281.6,6.4,4.81,5.451947051310365,-0.948052948689635,0
UKL10242,Bageshwar,Dehradun,Second Class,233.1,5.7,5.78,5.423012251189234,-0.2769877488107664,0
UKL10243,Nainital,Dehradun,Second Class,173.4,5.7,4.39,4.58124822956885,-1.1187517704311505,0
UKL10244,Bageshwar,Haridwar,Standard,286.8,6.4,6.46,6.204453090768803,-0.19554690923119722,0
UKL10245,Almora,Rudraprayag,Standard,324.6,6.4,7.29,6.508405751053455,0.1084057510534544,1
UKL10246,Uttarkashi,Haridwar,Standard,286.3,6.4,5.01,5.932089578572909,-0.46791042142709127,0
UKL10247,Pauri Garhwal,Chamoli,Standard,449.7,6.4,5.06,6.0374625798807475,-0.36253742011925283,0
UKL10248,Almora,Uttarkashi,Same Day,273.9,3.1,2.82,2.8773115792709563,-0.22268842072904382,0
UKL10249,Pithoragarh,Almora,Standard,324.7,6.4,6.05,6.0133282395311465,-0.3866717604688539,0
UKL10250,Pithoragarh,Chamoli,First Class,513.4,4.7,5.05,4.8412843985407354,0.14128439854073527,1
UKL10251,Nainital,Tehri Garhwal,Standard,391.1,6.4,5.81,5.90735539490111,-0.4926446050988904,0
UKL10252,Bageshwar,Pauri Garhwal,Standard,295.0,6.4,5.61,5.842342439255859,-0.5576575607441416,0
UKL10253,Champawat,Almora,Standard,201.3,6.4,5.34,5.658202563319786,-0.7417974366802147,0
UKL10254,Pithoragarh,Tehri Garhwal,First Class,413.8,4.7,4.26,4.449888714419737,-0.25011128558026297,0
UKL10255,Almora,Dehradun,Standard,86.8,6.4,6.65,6.033726209452327,-0.3662737905476732,0
UKL10256,Udham Singh Nagar,Rudraprayag,Standard,137.7,6.4,6.22,5.859456820033163,-0.5405431799668374,0
UKL10257,Udham Singh Nagar,Pithoragarh,Same Day,393.4,3.1,2.5,2.5063969349951707,-0.5936030650048294,0
UKL10258,Tehri Garhwal,Udham Singh Nagar,Second Class,340.2,5.7,4.74,4.711806727517734,-0.988193272482266,0
UKL10259,Nainital,Rudraprayag,First Class,397.8,4.7,4.81,4.76247970253864,0.06247970253863944,1
UKL10260,Champawat,Bageshwar,Standard,206.2,6.4,5.47,6.051780774653862,-0.3482192253461385,0
UKL10261,Chamoli,Bageshwar,Standard,191.8,6.4,5.72,5.943900835375903,-0.4560991646240975,0
UKL10262,Pithoragarh,Champawat,First Class,181.3,4.7,4.62,3.703068861637472,-0.9969311383625281,0
UKL10263,Nainital,Pithoragarh,Standard,317.4,6.4,5.5,5.880427545298612,-0.5195724547013887,0
UKL10264,Pauri Garhwal,Uttarkashi,Standard,264.1,6.4,4.89,5.813469289884064,-0.5865307101159365,0
UKL10265,Almora,Dehradun,Standard,248.9,6.4,5.65,5.861911792394802,-0.538088207605198,0
UKL10266,Chamoli,Udham Singh Nagar,Second Class,420.9,5.7,6.86,5.657864098798309,-0.042135901201691084,0
UKL10267,Pauri Garhwal,Pithoragarh,First Class,461.7,4.7,4.94,4.46658050185841,-0.2334194981415898,0
UKL10268,Almora,Pithoragarh,Standard,401.5,6.4,5.96,6.108190265490727,-0.2918097345092736,0
UKL10269,Haridwar,Rudraprayag,Standard,267.2,6.4,6.51,6.496308667123006,0.09630866712300534,1
UKL10270,Champawat,Nainital,Standard,432.7,6.4,6.34,6.395466060253519,-0.004533939746480975,0
UKL10271,Haridwar,Dehradun,Standard,66.2,6.4,5.37,5.31051364087048,-1.0894863591295207,0
UKL10272,Dehradun,Nainital,First Class,235.8,4.7,3.64,4.261172379448171,-0.43882762055182933,0
UKL10273,Haridwar,Chamoli,Second Class,169.5,5.7,5.31,4.708231274798855,-0.9917687252011449,0
UKL10274,Almora,Nainital,Standard,274.7,6.4,5.91,6.74992177177749,0.34992177177749006,1
UKL10275,Chamoli,Nainital,First Class,170.7,4.7,3.02,3.5435258038071207,-1.1564741961928795,0
UKL10276,Udham Singh Nagar,Haridwar,Standard,209.7,6.4,4.54,5.41405908027323,-0.9859409197267706,0
UKL10277,Pithoragarh,Nainital,Standard,529.8,6.4,5.33,6.011416540360668,-0.3885834596393325,0
UKL10278,Almora,Haridwar,Standard,315.5,6.4,6.56,6.647357330034612,0.24735733003461124,1
UKL10279,Champawat,Pithoragarh,Standard,552.5,6.4,6.76,6.5304346123289925,0.13043461232899212,1
UKL10280,Nainital,Almora,Standard,253.0,6.4,6.21,5.681147204073202,-0.7188527959267983,0
UKL10281,Uttarkashi,Almora,Second Class,323.2,5.7,6.07,5.7388340912589655,0.03883409125896531,1
UKL10282,Haridwar,Udham Singh Nagar,First Class,181.5,4.7,4.47,3.6149381167519827,-1.0850618832480174,0
UKL10283,Pithoragarh,Champawat,First Class,330.1,4.7,3.68,4.156666039230403,-0.5433339607695968,0
UKL10284,Udham Singh Nagar,Almora,Standard,112.8,6.4,5.7,5.516146125797155,-0.8838538742028454,0
UKL10285,Bageshwar,Pithoragarh,Standard,536.4,6.4,6.45,6.59135728070045,0.19135728070044955,1
UKL10286,Champawat,Nainital,Second Class,438.5,5.7,6.4,5.862423163647038,0.16242316364703768,1
UKL10287,Chamoli,Tehri Garhwal,Standard,431.3,6.4,8.19,7.46673478566794,1.0667347856679399,1
UKL10288,Dehradun,Bageshwar,Standard,217.0,6.4,5.18,5.2253209365848186,-1.1746790634151818,0
UKL10289,Champawat,Chamoli,Second Class,384.0,5.7,5.53,5.8109427848385256,0.11094278483852538,1
UKL10290,Nainital,Uttarkashi,Standard,179.4,6.4,7.01,6.247165515955293,-0.15283448404470779,0
UKL10291,Tehri Garhwal,Udham Singh Nagar,Standard,160.2,6.4,6.02,6.087875460222204,-0.31212453977779653,0
UKL10292,Chamoli,Nainital,Same Day,442.2,3.1,3.32,2.9692108636370627,-0.13078913636293743,0
UKL10293,Bageshwar,Uttarkashi,Standard,301.2,6.4,6.26,6.364607607723368,-0.03539239227663238,0
UKL10294,Haridwar,Dehradun,Standard,138.1,6.4,5.7,5.592430257693735,-0.8075697423062653,0
UKL10295,Uttarkashi,Udham Singh Nagar,Standard,312.6,6.4,5.72,6.032156750610537,-0.36784324938946344,0
UKL10296,Tehri Garhwal,Uttarkashi,Same Day,225.8,3.1,2.5,2.5510601732408014,-0.5489398267591987,0
UKL10297,Chamoli,Tehri Garhwal,Second Class,217.0,5.7,6.49,5.711042984914756,0.011042984914755749,1
UKL10298,Rudraprayag,Pithoragarh,Same Day,385.8,3.1,3.52,3.1056062868637553,0.005606286863755194,1
UKL10299,Pithoragarh,Haridwar,Standard,244.4,6.4,5.72,5.513176175116106,-0.8868238248838942,0
UKL10300,Pithoragarh,Champawat,Standard,407.1,6.4,5.79,6.194955804350567,-0.20504419564943355,0
UKL10301,Dehradun,Bageshwar,First Class,149.4,4.7,3.11,3.524429952138798,-1.1755700478612021,0
UKL10302,Tehri Garhwal,Nainital,Second Class,199.9,5.7,6.11,5.397841245539543,-0.30215875446045715,0
UKL10303,Udham Singh Nagar,Uttarkashi,Standard,327.0,6.4,7.0,6.462129167708671,0.06212916770867061,1
UKL10304,Rudraprayag,Uttarkashi,Same Day,264.3,3.1,3.03,2.936936460368916,-0.163063539631084,0
UKL10305,Chamoli,Almora,First Class,324.4,4.7,3.24,3.4929869304997094,-1.2070130695002907,0
UKL10306,Tehri Garhwal,Uttarkashi,First Class,459.6,4.7,5.59,5.149460780448475,0.44946078044847493,1
UKL10307,Champawat,Uttarkashi,Standard,390.2,6.4,6.1,6.790196750221876,0.3901967502218753,1
UKL10308,Chamoli,Almora,Standard,517.1,6.4,6.29,6.194129302116363,-0.2058706978836371,0
UKL10309,Udham Singh Nagar,Pauri Garhwal,Standard,251.8,6.4,6.76,6.617143030961636,0.217143030961636,1
UKL10310,Tehri Garhwal,Pithoragarh,Standard,465.2,6.4,6.34,6.230229373994078,-0.1697706260059224,0
UKL10311,Haridwar,Udham Singh Nagar,Second Class,79.3,5.7,4.67,4.2817423442733675,-1.4182576557266326,0
UKL10312,Rudraprayag,Champawat,Second Class,190.7,5.7,5.34,4.840170430853723,-0.8598295691462772,0
UKL10313,Udham Singh Nagar,Uttarkashi,Standard,206.9,6.4,5.4,5.897599576844532,-0.5024004231554686,0
UKL10314,Dehradun,Chamoli,Second Class,316.3,5.7,5.93,5.535002272448593,-0.16499772755140718,0
UKL10315,Uttarkashi,Bageshwar,Standard,240.8,6.4,5.77,5.778333292009427,-0.6216667079905731,0
UKL10316,Uttarkashi,Pithoragarh,Standard,227.7,6.4,6.28,6.365686208201135,-0.03431379179886562,0
UKL10317,Nainital,Rudraprayag,Second Class,238.1,5.7,4.72,4.753928503277397,-0.9460714967226034,0
UKL10318,Pauri Garhwal,Chamoli,Standard,240.7,6.4,6.45,6.384625751492983,-0.015374248507017185,0
UKL10319,Almora,Chamoli,Standard,235.7,6.4,6.73,6.1291757340481485,-0.27082426595185183,0
UKL10320,Udham Singh Nagar,Rudraprayag,First Class,311.8,4.7,5.35,5.065856267439716,0.36585626743971567,1
UKL10321,Udham Singh Nagar,Uttarkashi,Standard,334.0,6.4,5.77,5.901808123655047,-0.4981918763449533,0
UKL10322,Chamoli,Pithoragarh,Standard,356.4,6.4,6.62,6.29254932060591,-0.10745067939409036,0
UKL10323,Champawat,Rudraprayag,Standard,248.8,6.4,5.81,5.600192419258097,-0.799807580741903,0
UKL10324,Udham Singh Nagar,Haridwar,Standard,150.8,6.4,5.98,5.84858660535169,-0.5514133946483106,0
UKL10325,Champawat,Almora,Second Class,265.1,5.7,5.18,5.4790628895332265,-0.22093711046677367,0
UKL10326,Haridwar,Udham Singh Nagar,Second Class,205.8,5.7,4.22,4.646569975372699,-1.0534300246273016,0
UKL10327,Tehri Garhwal,Dehradun,Standard,261.0,6.4,6.01,5.7558034693805595,-0.6441965306194408,0
UKL10328,Haridwar,Dehradun,Second Class,95.4,5.7,5.15,5.035874907977548,-0.6641250920224522,0
UKL10329,Chamoli,Nainital,Second Class,182.6,5.7,5.21,5.440464648586234,-0.25953535141376616,0
UKL10330,Rudraprayag,Champawat,Standard,390.9,6.4,7.41,7.47530349120386,1.0753034912038597,1
UKL10331,Udham Singh Nagar,Chamoli,Second Class,151.0,5.7,4.56,5.137878233486548,-0.5621217665134521,0
UKL10332,Chamoli,Tehri Garhwal,Standard,267.6,6.4,6.59,6.261933366494474,-0.1380666335055265,0
UKL10333,Champawat,Udham Singh Nagar,Standard,199.4,6.4,6.13,5.829038865682497,-0.5709611343175034,0
UKL10334,Tehri Garhwal,Champawat,Standard,351.8,6.4,5.88,5.795239655194878,-0.604760344805122,0
UKL10335,Dehradun,Pithoragarh,Second Class,320.7,5.7,5.26,5.311937521144785,-0.3880624788552156,0
UKL10336,Dehradun,Udham Singh Nagar,Standard,189.5,6.4,5.69,5.535387989490958,-0.8646120105090427,0
UKL10337,Nainital,Champawat,First Class,310.0,4.7,4.88,4.492871245895158,-0.20712875410484255,0
UKL10338,Rudraprayag,Champawat,Second Class,193.1,5.7,5.61,5.626616098923991,-0.07338390107600912,0
UKL10339,Tehri Garhwal,Almora,Standard,237.8,6.4,6.1,5.726392029930909,-0.6736079700690913,0
UKL10340,Bageshwar,Dehradun,Second Class,231.3,5.7,5.29,4.9986202909251585,-0.7013797090748417,0
UKL10341,Uttarkashi,Tehri Garhwal,Standard,447.8,6.4,5.77,6.4760254769483465,0.07602547694834616,1
UKL10342,Dehradun,Udham Singh Nagar,Standard,56.0,6.4,5.22,5.219909598285125,-1.1800904017148754,0
UKL10343,Tehri Garhwal,Nainital,First Class,287.4,4.7,5.34,3.8013023465513416,-0.8986976534486586,0
UKL10344,Haridwar,Tehri Garhwal,Standard,356.3,6.4,5.9,6.0547786773153485,-0.3452213226846519,0
UKL10345,Nainital,Pauri Garhwal,Standard,593.1000000000001,6.4,5.79,6.482434118093858,0.08243411809385748,1
UKL10346,Chamoli,Pauri Garhwal,Same Day,159.2,3.1,1.75,2.0919529397594228,-1.0080470602405773,0
UKL10347,Pauri Garhwal,Tehri Garhwal,Standard,347.8,6.4,6.85,6.142923552701085,-0.25707644729891577,0
UKL10348,Dehradun,Champawat,First Class,102.3,4.7,3.66,4.1438746129929696,-0.5561253870070306,0
UKL10349,Dehradun,Haridwar,Second Class,211.3,5.7,4.49,4.975665310948657,-0.7243346890513429,0
UKL10350,Pauri Garhwal,Uttarkashi,Standard,336.2,6.4,5.81,6.255749392903119,-0.14425060709688164,0
UKL10351,Nainital,Haridwar,Standard,369.6,6.4,5.62,6.113185774372669,-0.2868142256273316,0
UKL10352,Pauri Garhwal,Almora,Standard,225.1,6.4,6.0,5.902968168444106,-0.49703183155589414,0
UKL10353,Pithoragarh,Chamoli,First Class,253.2,4.7,4.4,4.1970986022005015,-0.5029013977994987,0
UKL10354,Haridwar,Bageshwar,Second Class,298.0,5.7,5.71,5.499979871015168,-0.200020128984832,0
UKL10355,Uttarkashi,Tehri Garhwal,Standard,434.8,6.4,6.18,5.84432224553078,-0.5556777544692206,0
UKL10356,Bageshwar,Pauri Garhwal,Standard,260.3,6.4,5.53,6.478924488399231,0.07892448839923105,1
UKL10357,Uttarkashi,Udham Singh Nagar,Same Day,253.1,3.1,3.12,2.2084233695180453,-0.8915766304819548,0
UKL10358,Rudraprayag,Uttarkashi,Standard,309.8,6.4,6.68,6.014846773195662,-0.3851532268043387,0
UKL10359,Bageshwar,Champawat,Same Day,302.0,3.1,2.76,2.7260200151623675,-0.3739799848376326,0
UKL10360,Pauri Garhwal,Bageshwar,First Class,398.7,4.7,3.75,4.256247917633664,-0.4437520823663359,0
UKL10361,Uttarkashi,Bageshwar,Standard,323.9,6.4,6.51,6.143140582670702,-0.2568594173292986,0
UKL10362,Almora,Pithoragarh,Standard,381.6,6.4,6.2,5.861145067463226,-0.5388549325367746,0
UKL10363,Dehradun,Bageshwar,Standard,317.0,6.4,5.8,5.858779700482104,-0.5412202995178967,0
UKL10364,Champawat,Chamoli,Standard,286.2,6.4,5.5,6.100153175275263,-0.299846824724737,0
UKL10365,Rudraprayag,Champawat,First Class,197.4,4.7,3.76,4.0677947828063274,-0.6322052171936727,0
UKL10366,Almora,Champawat,Standard,301.1,6.4,5.46,5.797431224254709,-0.6025687757452918,0
UKL10367,Udham Singh Nagar,Pauri Garhwal,Second Class,281.4,5.7,5.1,4.902019393609484,-0.7979806063905164,0
UKL10368,Nainital,Bageshwar,Standard,236.8,6.4,6.17,5.937522281076853,-0.4624777189231475,0
UKL10369,Dehradun,Udham Singh Nagar,Second Class,155.2,5.7,4.68,5.136978619309187,-0.5630213806908131,0
UKL10370,Udham Singh Nagar,Almora,First Class,276.3,4.7,4.27,4.4259918362617645,-0.27400816373823567,0
UKL10371,Tehri Garhwal,Nainital,Second Class,259.2,5.7,5.52,5.145932454274123,-0.5540675457258768,0
UKL10372,Almora,Tehri Garhwal,First Class,258.6,4.7,4.73,4.545180517271636,-0.15481948272836377,0
UKL10373,Udham Singh Nagar,Almora,Standard,332.7,6.4,5.5,6.005708218344649,-0.39429178165535106,0
UKL10374,Haridwar,Pithoragarh,Standard,301.1,6.4,6.14,5.905532538214741,-0.49446746178525913,0
UKL10375,Haridwar,Nainital,Standard,209.1,6.4,6.13,6.315773539424134,-0.08422646057586647,0
UKL10376,Champawat,Chamoli,First Class,345.7,4.7,5.16,4.866400566526036,0.1664005665260362,1
UKL10377,Almora,Uttarkashi,Second Class,236.3,5.7,5.75,5.401533149414255,-0.2984668505857453,0
UKL10378,Haridwar,Nainital,Standard,292.5,6.4,4.58,5.294776917198697,-1.1052230828013032,0
UKL10379,Chamoli,Pithoragarh,Second Class,340.8,5.7,6.15,6.3006717186858285,0.6006717186858284,1
UKL10380,Dehradun,Uttarkashi,Second Class,363.6,5.7,5.01,5.400433259449368,-0.2995667405506319,0
UKL10381,Almora,Bageshwar,Standard,309.6,6.4,5.51,5.549362659910967,-0.8506373400890332,0
UKL10382,Tehri Garhwal,Udham Singh Nagar,Standard,329.6,6.4,5.32,5.285178275672302,-1.1148217243276983,0
UKL10383,Dehradun,Champawat,Standard,217.1,6.4,6.31,5.849924978114241,-0.5500750218857595,0
UKL10384,Pauri Garhwal,Bageshwar,Second Class,141.9,5.7,5.08,5.172093070283217,-0.5279069297167833,0
UKL10385,Haridwar,Uttarkashi,Standard,211.2,6.4,6.4,5.747407627784789,-0.6525923722152109,0
UKL10386,Pithoragarh,Dehradun,Standard,288.9,6.4,5.73,5.705462387214814,-0.6945376127851866,0
UKL10387,Almora,Champawat,First Class,341.6,4.7,5.09,4.801391815326536,0.10139181532653563,1
UKL10388,Pauri Garhwal,Uttarkashi,First Class,460.2,4.7,4.23,4.391887958734632,-0.3081120412653684,0
UKL10389,Almora,Tehri Garhwal,Standard,350.9,6.4,6.4,5.773640082188365,-0.6263599178116355,0
UKL10390,Rudraprayag,Chamoli,First Class,264.0,4.7,3.99,4.6916594858636484,-0.008340514136351729,0
UKL10391,Almora,Pauri Garhwal,Second Class,309.0,5.7,5.92,5.134701688136247,-0.5652983118637529,0
UKL10392,Rudraprayag,Pauri Garhwal,Standard,374.2,6.4,7.35,7.053127762749595,0.6531277627495946,1
UKL10393,Tehri Garhwal,Uttarkashi,First Class,216.9,4.7,3.24,3.842438910320164,-0.857561089679836,0
UKL10394,Chamoli,Pauri Garhwal,First Class,324.3,4.7,4.59,4.592245477747411,-0.10775452225258952,0
UKL10395,Bageshwar,Udham Singh Nagar,Standard,266.2,6.4,5.57,6.414657351299945,0.014657351299944388,1
UKL10396,Almora,Dehradun,Second Class,311.8,5.7,4.36,4.536515901240911,-1.1634840987590893,0
UKL10397,Tehri Garhwal,Uttarkashi,Standard,402.7,6.4,6.27,6.494106544309793,0.09410654430979282,1
UKL10398,Uttarkashi,Rudraprayag,Standard,516.2,6.4,6.77,6.711909550922865,0.31190955092286465,1
UKL10399,Uttarkashi,Udham Singh Nagar,Standard,293.0,6.4,5.9,5.759145494052868,-0.6408545059471322,0
UKL10400,Tehri Garhwal,Rudraprayag,First Class,426.5,4.7,4.16,4.197295412129677,-0.5027045878703236,0
UKL10401,Tehri Garhwal,Nainital,Standard,278.4,6.4,5.87,5.877960505553588,-0.5220394944464122,0
UKL10402,Udham Singh Nagar,Pauri Garhwal,First Class,223.7,4.7,4.49,4.246085993931214,-0.4539140060687865,0
UKL10403,Rudraprayag,Tehri Garhwal,Standard,324.4,6.4,5.54,6.103240138421992,-0.2967598615780087,0
UKL10404,Nainital,Tehri Garhwal,Second Class,353.3,5.7,5.53,5.336440067378148,-0.36355993262185216,0
UKL10405,Dehradun,Bageshwar,Second Class,135.8,5.7,4.77,4.540908184294437,-1.1590918157055627,0
UKL10406,Rudraprayag,Haridwar,Standard,343.1,6.4,7.04,6.160242063413186,-0.23975793658681432,0
UKL10407,Chamoli,Rudraprayag,First Class,226.7,4.7,4.51,4.522460103784831,-0.17753989621516908,0
UKL10408,Almora,Chamoli,Standard,431.8,6.4,6.56,6.7602128100933125,0.3602128100933122,1
UKL10409,Pauri Garhwal,Haridwar,Standard,310.2,6.4,6.0,5.825680733310533,-0.574319266689467,0
UKL10410,Nainital,Rudraprayag,Second Class,216.4,5.7,4.71,4.912673383445895,-0.7873266165541049,0
UKL10411,Pithoragarh,Tehri Garhwal,Same Day,306.4,3.1,1.89,2.042069044812951,-1.0579309551870493,0
UKL10412,Pithoragarh,Tehri Garhwal,Same Day,304.6,3.1,2.26,2.4960735912866947,-0.6039264087133054,0
UKL10413,Champawat,Bageshwar,Standard,287.0,6.4,5.92,6.395887983450627,-0.004112016549373543,0
UKL10414,Uttarkashi,Pauri Garhwal,First Class,391.9,4.7,3.61,4.044975424810385,-0.6550245751896151,0
UKL10415,Almora,Tehri Garhwal,First Class,149.6,4.7,3.64,4.05480809605172,-0.6451919039482803,0
UKL10416,Chamoli,Nainital,Standard,527.1,6.4,5.91,6.60668872403022,0.20668872403021954,1
UKL10417,Pithoragarh,Rudraprayag,Same Day,253.3,3.1,3.38,2.868153876633043,-0.2318461233669571,0
UKL10418,Tehri Garhwal,Uttarkashi,Standard,407.5,6.4,5.97,6.235226560728016,-0.1647734392719844,0
UKL10419,Chamoli,Dehradun,Standard,172.1,6.4,5.45,6.100399258976443,-0.29960074102355705,0
UKL10420,Dehradun,Champawat,Standard,276.4,6.4,7.47,6.2711791754247255,-0.12882082457527488,0
UKL10421,Chamoli,Dehradun,Second Class,275.4,5.7,5.01,4.771837690161815,-0.9281623098381848,0
UKL10422,Udham Singh Nagar,Nainital,Standard,317.8,6.4,5.49,6.242311643225145,-0.15768835677485527,0
UKL10423,Pauri Garhwal,Haridwar,Standard,170.1,6.4,5.71,5.992895029766923,-0.40710497023307735,0
UKL10424,Bageshwar,Nainital,Second Class,283.9,5.7,4.79,5.644932313438772,-0.05506768656122851,0
UKL10425,Chamoli,Pithoragarh,Standard,270.8,6.4,6.54,6.740206601361231,0.3402066013612304,1
UKL10426,Almora,Bageshwar,Second Class,324.3,5.7,4.92,5.211953101257676,-0.4880468987423239,0
UKL10427,Pithoragarh,Rudraprayag,Standard,484.1,6.4,6.26,6.8759247691053424,0.4759247691053421,1
UKL10428,Champawat,Nainital,Same Day,403.4,3.1,2.64,3.2214797510753,0.12147975107530007,1
UKL10429,Uttarkashi,Nainital,Standard,425.8,6.4,5.96,5.880385651689623,-0.5196143483103777,0
UKL10430,Haridwar,Uttarkashi,Standard,408.9,6.4,6.58,6.048046653767264,-0.35195334623273666,0
UKL10431,Bageshwar,Champawat,Standard,353.5,6.4,5.78,6.270290036882203,-0.12970996311779714,0
UKL10432,Haridwar,Almora,Standard,317.6,6.4,5.81,6.38134664945315,-0.01865335054685069,0
UKL10433,Chamoli,Rudraprayag,First Class,588.5,4.7,5.68,5.127950883441039,0.4279508834410386,1
UKL10434,Udham Singh Nagar,Almora,Second Class,193.5,5.7,5.57,5.519479152542437,-0.18052084745756325,0
UKL10435,Dehradun,Pauri Garhwal,Second Class,210.7,5.7,4.65,5.079671904172468,-0.6203280958275323,0
UKL10436,Tehri Garhwal,Almora,Standard,307.8,6.4,6.1,6.04917526387655,-0.35082473612345044,0
UKL10437,Tehri Garhwal,Bageshwar,Standard,261.1,6.4,5.83,5.815863691529463,-0.5841363084705371,0
UKL10438,Champawat,Haridwar,First Class,308.2,4.7,4.56,4.504112077878232,-0.1958879221217682,0
UKL10439,Champawat,Bageshwar,Standard,274.9,6.4,5.86,6.042152284293183,-0.35784771570681695,0
UKL10440,Udham Singh Nagar,Uttarkashi,Standard,450.3,6.4,6.68,6.80636151328812,0.40636151328812,1
UKL10441,Udham Singh Nagar,Haridwar,Same Day,171.7,3.1,2.89,2.485462632533091,-0.6145373674669092,0
UKL10442,Chamoli,Udham Singh Nagar,Standard,408.3,6.4,6.62,5.896481549707748,-0.5035184502922521,0
UKL10443,Champawat,Almora,Standard,293.2,6.4,6.52,6.047231456990292,-0.3527685430097085,0
UKL10444,Pithoragarh,Haridwar,Standard,236.0,6.4,5.19,5.285976733187075,-1.114023266812925,0
UKL10445,Dehradun,Rudraprayag,Standard,207.5,6.4,6.48,6.286955727423243,-0.11304427257675709,0
UKL10446,Bageshwar,Udham Singh Nagar,Second Class,305.6,5.7,6.31,5.405684915153873,-0.29431508484612756,0
UKL10447,Almora,Pithoragarh,First Class,269.2,4.7,3.9,4.19763199184186,-0.5023680081581405,0
UKL10448,Pithoragarh,Uttarkashi,Same Day,526.7,3.1,4.06,3.4338827865370116,0.33388278653701153,1
UKL10449,Champawat,Dehradun,Second Class,258.0,5.7,5.74,5.53109051753936,-0.16890948246064053,0
UKL10450,Rudraprayag,Pithoragarh,Second Class,580.1,5.7,7.05,5.828496383909976,0.12849638390997598,1
UKL10451,Almora,Bageshwar,Standard,187.4,6.4,5.34,5.517662803804366,-0.8823371961956346,0
UKL10452,Tehri Garhwal,Nainital,Standard,433.9,6.4,6.89,6.227549388688289,-0.17245061131171102,0
UKL10453,Champawat,Nainital,Standard,351.5,6.4,6.21,5.942690695098879,-0.45730930490112165,0
UKL10454,Nainital,Dehradun,Standard,326.3,6.4,5.73,6.297157214229089,-0.10284278577091133,0
UKL10455,Uttarkashi,Bageshwar,Standard,269.3,6.4,6.14,6.256428234624705,-0.14357176537529526,0
UKL10456,Bageshwar,Champawat,Standard,248.4,6.4,5.62,5.7851509405731445,-0.6148490594268559,0
UKL10457,Uttarkashi,Pauri Garhwal,Second Class,263.5,5.7,5.35,5.193855307661265,-0.5061446923387356,0
UKL10458,Chamoli,Pithoragarh,First Class,412.6,4.7,5.14,5.10517695950646,0.40517695950646004,1
UKL10459,Udham Singh Nagar,Uttarkashi,Standard,404.7,6.4,7.2,6.502506678793769,0.10250667879376874,1
UKL10460,Pauri Garhwal,Haridwar,Second Class,229.9,5.7,5.37,5.386197796796873,-0.31380220320312713,0
UKL10461,Uttarkashi,Udham Singh Nagar,Standard,169.2,6.4,5.54,5.3533319962997785,-1.0466680037002218,0
UKL10462,Haridwar,Nainital,Standard,261.8,6.4,6.42,5.853258108637666,-0.5467418913623341,0
UKL10463,Haridwar,Almora,Standard,172.2,6.4,6.26,5.879965123511589,-0.5200348764884115,0
UKL10464,Rudraprayag,Haridwar,Same Day,481.9,3.1,3.42,3.010582615062673,-0.08941738493732698,0
UKL10465,Pauri Garhwal,Haridwar,Second Class,331.3,5.7,4.43,4.638940850272311,-1.061059149727689,0
UKL10466,Nainital,Dehradun,Standard,379.1,6.4,5.74,5.86136581811189,-0.53863418188811,0
UKL10467,Udham Singh Nagar,Bageshwar,Standard,356.6,6.4,6.0,5.994135924083628,-0.4058640759163721,0
UKL10468,Pauri Garhwal,Dehradun,Second Class,200.7,5.7,5.35,5.191028294995737,-0.5089717050042628,0
UKL10469,Dehradun,Chamoli,First Class,310.6,4.7,5.06,4.462532243993206,-0.2374677560067946,0
UKL10470,Pauri Garhwal,Almora,Standard,483.7,6.4,6.63,6.319996018748981,-0.0800039812510196,0
UKL10471,Chamoli,Dehradun,Second Class,199.2,5.7,5.13,4.930915298414315,-0.769084701585685,0
UKL10472,Almora,Pithoragarh,Standard,415.5,6.4,6.48,6.5998330391325375,0.19983303913253714,1
UKL10473,Almora,Rudraprayag,First Class,429.4,4.7,5.1,4.78576215386173,0.08576215386172947,1
UKL10474,Uttarkashi,Bageshwar,Same Day,322.0,3.1,2.51,2.4877600672921356,-0.6122399327078645,0
UKL10475,Chamoli,Tehri Garhwal,Standard,593.1000000000001,6.4,5.9,6.251883396983991,-0.14811660301600948,0
UKL10476,Chamoli,Champawat,Second Class,399.2,5.7,6.01,5.820453477402429,0.12045347740242907,1
UKL10477,Bageshwar,Udham Singh Nagar,First Class,284.6,4.7,3.72,4.090215957745129,-0.609784042254871,0
UKL10478,Haridwar,Rudraprayag,Second Class,139.0,5.7,5.0,5.239555373279482,-0.460444626720518,0
UKL10479,Pauri Garhwal,Udham Singh Nagar,Second Class,299.8,5.7,5.15,4.958233656347666,-0.7417663436523343,0
UKL10480,Udham Singh Nagar,Almora,Standard,273.4,6.4,5.89,5.7550103574873175,-0.6449896425126829,0
UKL10481,Haridwar,Almora,Second Class,214.8,5.7,5.19,5.034750086990613,-0.6652499130093874,0
UKL10482,Tehri Garhwal,Chamoli,Standard,282.8,6.4,5.72,5.794455054098477,-0.6055449459015234,0
UKL10483,Dehradun,Nainital,Standard,195.1,6.4,6.29,5.820031724749354,-0.5799682752506463,0
UKL10484,Champawat,Haridwar,First Class,247.7,4.7,5.71,4.391678162506067,-0.30832183749393316,0
UKL10485,Dehradun,Pithoragarh,Second Class,350.0,5.7,5.62,5.261188714813138,-0.43881128518686197,0
UKL10486,Udham Singh Nagar,Bageshwar,Second Class,169.8,5.7,4.99,4.9267660228764925,-0.7732339771235077,0
UKL10487,Uttarkashi,Haridwar,Standard,255.8,6.4,5.82,5.85016685700334,-0.5498331429966603,0
UKL10488,Champawat,Almora,Second Class,146.6,5.7,3.52,4.545186907765011,-1.1548130922349893,0
UKL10489,Pithoragarh,Uttarkashi,Standard,528.0,6.4,6.85,7.11769632704361,0.7176963270436101,1
UKL10490,Tehri Garhwal,Nainital,Standard,184.6,6.4,5.41,5.8355003375876535,-0.5644996624123468,0
UKL10491,Almora,Pithoragarh,Standard,261.7,6.4,5.21,6.449407283800811,0.04940728380081083,1
UKL10492,Almora,Chamoli,Standard,223.1,6.4,6.16,6.402916178038534,0.0029161780385340563,1
UKL10493,Dehradun,Champawat,First Class,229.9,4.7,3.4,4.053431177855865,-0.6465688221441352,0
UKL10494,Uttarkashi,Rudraprayag,Standard,205.8,6.4,5.96,6.34744967695051,-0.052550323049490366,0
UKL10495,Pithoragarh,Champawat,Second Class,477.1,5.7,5.75,5.758141227940438,0.05814122794043808,1
UKL10496,Champawat,Tehri Garhwal,Same Day,318.5,3.1,2.12,2.391705556733814,-0.708294443266186,0
UKL10497,Pithoragarh,Bageshwar,First Class,275.1,4.7,4.17,4.251536543111878,-0.4484634568881223,0
UKL10498,Dehradun,Chamoli,First Class,394.3,4.7,4.26,4.911341962136398,0.2113419621363981,1
UKL10499,Pauri Garhwal,Almora,Second Class,476.6,5.7,5.8,6.168240715510045,0.46824071551004476,1
UKL10500,Uttarkashi,Nainital,Second Class,223.7,5.7,5.91,5.542044328682701,-0.15795567131729893,0
UKL10501,Tehri Garhwal,Pauri Garhwal,Second Class,191.5,5.7,5.76,5.3948132944478875,-0.3051867055521127,0
UKL10502,Uttarkashi,Almora,Standard,351.8,6.4,6.31,6.4728842391535215,0.07288423915352116,1
UKL10503,Bageshwar,Tehri Garhwal,Same Day,210.0,3.1,1.91,2.565536631499697,-0.5344633685003033,0
UKL10504,Champawat,Chamoli,Second Class,482.6,5.7,5.72,5.83467762882703,0.1346776288270295,1
UKL10505,Nainital,Chamoli,Standard,369.3,6.4,7.06,7.18526273066241,0.78526273066241,1
UKL10506,Udham Singh Nagar,Chamoli,Standard,177.5,6.4,6.12,5.724041398173046,-0.6759586018269541,0
UKL10507,Almora,Udham Singh Nagar,Second Class,231.3,5.7,5.24,5.1193863665348145,-0.5806136334651857,0
UKL10508,Pithoragarh,Uttarkashi,Same Day,319.2,3.1,3.43,2.9503038750842085,-0.14969612491579154,0
UKL10509,Champawat,Nainital,Second Class,162.8,5.7,5.96,5.367492552610422,-0.3325074473895784,0
UKL10510,Almora,Nainital,Standard,265.6,6.4,5.32,5.686004137680092,-0.7139958623199085,0
UKL10511,Nainital,Pithoragarh,Second Class,432.1,5.7,5.36,5.673161223839738,-0.02683877616026198,0
UKL10512,Almora,Haridwar,Standard,203.1,6.4,6.1,6.580681821699839,0.1806818216998387,1
UKL10513,Haridwar,Nainital,First Class,250.5,4.7,3.58,4.24374121687773,-0.4562587831222702,0
UKL10514,Tehri Garhwal,Uttarkashi,Second Class,186.4,5.7,5.67,4.981856852463658,-0.7181431475363418,0
UKL10515,Pauri Garhwal,Bageshwar,First Class,233.5,4.7,5.39,4.506252217015998,-0.1937477829840022,0
UKL10516,Chamoli,Dehradun,First Class,368.2,4.7,3.57,4.026532181269719,-0.6734678187302814,0
UKL10517,Nainital,Almora,Second Class,234.9,5.7,5.05,5.371852953554422,-0.32814704644557846,0
UKL10518,Pithoragarh,Nainital,Standard,362.8,6.4,5.64,5.826842690627111,-0.5731573093728892,0
UKL10519,Udham Singh Nagar,Almora,First Class,174.8,4.7,4.11,4.211311797842114,-0.4886882021578858,0
UKL10520,Haridwar,Nainital,Second Class,174.9,5.7,4.12,4.654529948059162,-1.0454700519408382,0
UKL10521,Tehri Garhwal,Uttarkashi,Standard,466.0,6.4,6.65,6.569258011279219,0.16925801127921858,1
UKL10522,Bageshwar,Udham Singh Nagar,Standard,123.6,6.4,6.2,6.202977648098761,-0.1970223519012393,0
UKL10523,Udham Singh Nagar,Uttarkashi,Standard,228.7,6.4,6.83,6.416904276156126,0.016904276156125775,1
UKL10524,Champawat,Tehri Garhwal,Standard,234.8,6.4,5.76,5.9686026958219145,-0.43139730417808586,0
UKL10525,Tehri Garhwal,Udham Singh Nagar,Same Day,202.8,3.1,2.3,2.3145393248319164,-0.7854606751680837,0
UKL10526,Udham Singh Nagar,Rudraprayag,Standard,197.5,6.4,5.65,5.854912157063767,-0.5450878429362334,0
UKL10527,Haridwar,Dehradun,First Class,155.6,4.7,4.74,4.476445900458563,-0.22355409954143735,0
UKL10528,Dehradun,Tehri Garhwal,First Class,294.4,4.7,4.4,4.650792754498408,-0.04920724550159239,0
UKL10529,Almora,Udham Singh Nagar,First Class,247.5,4.7,3.48,3.7548831888202527,-0.9451168111797474,0
UKL10530,Rudraprayag,Chamoli,Second Class,287.9,5.7,5.21,5.597056349576709,-0.10294365042329101,0
UKL10531,Nainital,Uttarkashi,Standard,321.0,6.4,6.67,6.505020077521603,0.10502007752160303,1
UKL10532,Pithoragarh,Almora,Standard,376.4,6.4,5.73,5.726393338393827,-0.6736066616061738,0
UKL10533,Tehri Garhwal,Udham Singh Nagar,Standard,391.2,6.4,6.78,6.651741988073644,0.25174198807364334,1
UKL10534,Rudraprayag,Pithoragarh,Standard,178.6,6.4,6.5,6.017701152597234,-0.3822988474027662,0
UKL10535,Dehradun,Nainital,First Class,182.1,4.7,3.25,4.100726311863525,-0.5992736881364751,0
UKL10536,Almora,Chamoli,Second Class,546.7,5.7,7.11,6.298679405901202,0.5986794059012022,1
UKL10537,Uttarkashi,Champawat,Second Class,232.8,5.7,4.68,5.010104211844587,-0.6898957881554129,0
UKL10538,Tehri Garhwal,Chamoli,First Class,363.1,4.7,3.74,4.071224274615332,-0.628775725384668,0
UKL10539,Bageshwar,Nainital,Standard,321.8,6.4,6.82,6.2755832102197315,-0.12441678978026882,0
UKL10540,Udham Singh Nagar,Almora,Second Class,401.9,5.7,5.29,5.40475211531572,-0.2952478846842803,0
UKL10541,Bageshwar,Pauri Garhwal,Standard,364.3,6.4,6.53,5.8002807337871465,-0.5997192662128539,0
UKL10542,Udham Singh Nagar,Pithoragarh,First Class,426.8,4.7,5.51,5.187171683577848,0.4871716835778477,1
UKL10543,Tehri Garhwal,Almora,Second Class,292.1,5.7,4.91,4.77161806842468,-0.9283819315753199,0
UKL10544,Pauri Garhwal,Uttarkashi,First Class,406.5,4.7,4.71,4.550241559109651,-0.1497584408903494,0
UKL10545,Pauri Garhwal,Dehradun,Second Class,345.8,5.7,5.58,6.094977257949951,0.3949772579499511,1
UKL10546,Nainital,Rudraprayag,Second Class,468.0,5.7,4.88,5.279615909486048,-0.4203840905139522,0
UKL10547,Dehradun,Tehri Garhwal,Standard,185.0,6.4,5.38,5.614470994153014,-0.7855290058469864,0
UKL10548,Pauri Garhwal,Champawat,Standard,255.5,6.4,6.28,6.26501496201664,-0.13498503798335992,0
UKL10549,Pauri Garhwal,Uttarkashi,Standard,455.4,6.4,6.62,6.554976352782488,0.15497635278248723,1
UKL10550,Champawat,Nainital,Standard,255.2,6.4,6.65,6.032311478225559,-0.36768852177444167,0
UKL10551,Pithoragarh,Rudraprayag,Standard,214.2,6.4,6.28,6.404050481609998,0.004050481609997547,1
UKL10552,Uttarkashi,Chamoli,Standard,262.5,6.4,5.29,6.302442285055155,-0.09755771494484566,0
UKL10553,Haridwar,Nainital,Standard,95.1,6.4,5.99,5.493213848121743,-0.906786151878257,0
UKL10554,Pithoragarh,Pauri Garhwal,Standard,387.5,6.4,6.36,5.677928443155203,-0.7220715568447975,0
UKL10555,Rudraprayag,Champawat,Second Class,349.3,5.7,4.98,5.357259266261518,-0.34274073373848246,0
UKL10556,Nainital,Pithoragarh,Second Class,393.8,5.7,5.49,5.176999518140868,-0.5230004818591318,0
UKL10557,Pauri Garhwal,Almora,Standard,423.8,6.4,7.2,6.837475724547732,0.4374757245477312,1
UKL10558,Tehri Garhwal,Champawat,Standard,244.1,6.4,6.07,5.5735593116041615,-0.8264406883958388,0
UKL10559,Rudraprayag,Almora,Standard,450.7,6.4,6.13,5.8977909329538205,-0.5022090670461798,0
UKL10560,Almora,Dehradun,First Class,321.8,4.7,5.15,4.684212329723691,-0.015787670276309562,0
UKL10561,Dehradun,Pauri Garhwal,Standard,300.8,6.4,5.53,6.374390752496023,-0.025609247503977528,0
UKL10562,Almora,Chamoli,First Class,320.3,4.7,4.4,4.581469344675846,-0.11853065532415386,0
UKL10563,Rudraprayag,Nainital,Second Class,366.6,5.7,6.3,6.252558145943768,0.5525581459437676,1
UKL10564,Dehradun,Pithoragarh,Standard,313.3,6.4,6.64,6.283414381421081,-0.11658561857891936,0
UKL10565,Udham Singh Nagar,Tehri Garhwal,First Class,259.6,4.7,3.98,3.8227617272443393,-0.8772382727556609,0
UKL10566,Pauri Garhwal,Almora,Standard,377.8,6.4,6.17,6.283537846717868,-0.11646215328213216,0
UKL10567,Udham Singh Nagar,Haridwar,Standard,160.7,6.4,5.53,5.723451255443748,-0.6765487445562526,0
UKL10568,Pithoragarh,Chamoli,First Class,452.4,4.7,5.28,4.735286769805698,0.03528676980569756,1
UKL10569,Bageshwar,Rudraprayag,Second Class,293.2,5.7,5.81,5.610693805857121,-0.08930619414287921,0
UKL10570,Champawat,Bageshwar,Standard,392.3,6.4,6.05,6.083942104502569,-0.3160578954974316,0
UKL10571,Dehradun,Champawat,First Class,244.3,4.7,3.67,4.136884566933567,-0.5631154330664332,0
UKL10572,Udham Singh Nagar,Champawat,Second Class,265.2,5.7,5.13,5.85925519111031,0.15925519111030972,1
UKL10573,Udham Singh Nagar,Bageshwar,First Class,379.4,4.7,4.47,4.423477754494226,-0.27652224550577387,0
UKL10574,Tehri Garhwal,Almora,Standard,234.0,6.4,4.65,5.448531234295908,-0.9514687657040923,0
UKL10575,Dehradun,Udham Singh Nagar,Standard,172.3,6.4,5.65,5.337833077693312,-1.0621669223066883,0
UKL10576,Almora,Pauri Garhwal,Standard,349.1,6.4,6.17,5.769460680973363,-0.6305393190266377,0
UKL10577,Champawat,Tehri Garhwal,Standard,327.1,6.4,5.51,5.765461839589941,-0.6345381604100595,0
UKL10578,Rudraprayag,Udham Singh Nagar,Standard,325.2,6.4,5.45,6.0508874017642,-0.3491125982358003,0
UKL10579,Pithoragarh,Udham Singh Nagar,Second Class,297.8,5.7,4.98,4.736868006093222,-0.963131993906778,0
UKL10580,Uttarkashi,Haridwar,First Class,317.4,4.7,3.41,4.531034231563996,-0.16896576843600375,0
UKL10581,Almora,Dehradun,First Class,267.9,4.7,4.26,3.725697718296682,-0.9743022817033182,0
UKL10582,Pauri Garhwal,Uttarkashi,Second Class,245.9,5.7,6.18,6.1352839346186885,0.4352839346186883,1
UKL10583,Haridwar,Tehri Garhwal,Same Day,198.9,3.1,2.38,2.150001503487319,-0.9499984965126811,0
UKL10584,Haridwar,Bageshwar,First Class,197.8,4.7,4.7,4.47063124301991,-0.22936875698009018,0
UKL10585,Nainital,Pithoragarh,Second Class,298.5,5.7,5.44,5.161915479985807,-0.538084520014193,0
UKL10586,Pauri Garhwal,Uttarkashi,Standard,334.0,6.4,6.64,6.34244020377969,-0.05755979622031049,0
UKL10587,Champawat,Pauri Garhwal,First Class,262.2,4.7,4.68,4.364798216694107,-0.33520178330589356,0
UKL10588,Udham Singh Nagar,Pauri Garhwal,First Class,314.6,4.7,5.12,4.276020485867717,-0.4239795141322835,0
UKL10589,Pithoragarh,Rudraprayag,Second Class,435.7,5.7,4.81,5.612295333143628,-0.08770466685637235,0
UKL10590,Uttarkashi,Haridwar,Second Class,279.0,5.7,4.69,5.239267852265552,-0.4607321477344479,0
UKL10591,Pithoragarh,Rudraprayag,First Class,456.8,4.7,5.73,5.351852833234686,0.6518528332346856,1
UKL10592,Haridwar,Bageshwar,Same Day,241.1,3.1,1.8,2.1323024603997074,-0.9676975396002927,0
UKL10593,Nainital,Tehri Garhwal,Standard,414.0,6.4,6.45,6.366604008883002,-0.03339599111699876,0
UKL10594,Dehradun,Haridwar,Second Class,133.2,5.7,4.91,4.863429960503275,-0.836570039496725,0
UKL10595,Uttarkashi,Almora,Second Class,427.2,5.7,4.58,4.93578654424868,-0.76421345575132,0
UKL10596,Rudraprayag,Udham Singh Nagar,Same Day,405.0,3.1,3.04,2.8956160829087656,-0.2043839170912345,0
UKL10597,Pauri Garhwal,Almora,Standard,298.3,6.4,5.84,5.792792609550948,-0.6072073904490525,0
UKL10598,Bageshwar,Udham Singh Nagar,First Class,230.1,4.7,4.52,3.8733167939468167,-0.8266832060531835,0
UKL10599,Bageshwar,Uttarkashi,Standard,202.2,6.4,6.72,6.602974256263427,0.2029742562634267,1
UKL10600,Pithoragarh,Almora,Same Day,409.0,3.1,2.43,2.564871513959874,-0.5351284860401262,0
UKL10601,Dehradun,Udham Singh Nagar,Same Day,145.9,3.1,2.2,2.402579300628021,-0.6974206993719791,0
UKL10602,Dehradun,Nainital,Standard,185.6,6.4,5.74,5.918703302905582,-0.48129669709441814,0
UKL10603,Dehradun,Rudraprayag,First Class,343.7,4.7,5.09,4.460603830773785,-0.23939616922621543,0
UKL10604,Champawat,Udham Singh Nagar,Same Day,241.0,3.1,3.07,2.588481903657433,-0.511518096342567,0
UKL10605,Chamoli,Tehri Garhwal,First Class,296.9,4.7,3.62,3.5490228172498712,-1.150977182750129,0
UKL10606,Dehradun,Tehri Garhwal,Standard,254.6,6.4,5.5,5.828452287875152,-0.5715477121248487,0
UKL10607,Udham Singh Nagar,Almora,Same Day,266.0,3.1,2.61,2.1053171152774532,-0.9946828847225468,0
UKL10608,Haridwar,Nainital,Standard,216.9,6.4,5.94,5.725654336586727,-0.6743456634132734,0
UKL10609,Almora,Tehri Garhwal,Standard,306.7,6.4,5.71,6.011076043208523,-0.3889239567914773,0
UKL10610,Rudraprayag,Almora,Standard,498.5,6.4,5.65,6.182656220825383,-0.21734377917461778,0
UKL10611,Pithoragarh,Udham Singh Nagar,First Class,308.6,4.7,4.32,4.259784141614294,-0.44021585838570587,0
UKL10612,Bageshwar,Dehradun,Standard,305.4,6.4,6.13,5.910852334609617,-0.4891476653903837,0
UKL10613,Rudraprayag,Champawat,Standard,256.2,6.4,6.85,6.4304024591097315,0.03040245910973116,1
UKL10614,Pithoragarh,Uttarkashi,Second Class,366.9,5.7,5.0,5.55016706620054,-0.14983293379945994,0
UKL10615,Pauri Garhwal,Almora,Second Class,377.4,5.7,6.34,5.869666723792472,0.1696667237924716,1
UKL10616,Nainital,Chamoli,Standard,395.9,6.4,6.38,6.330202329939116,-0.06979767006088444,0
UKL10617,Haridwar,Nainital,Standard,269.2,6.4,6.03,6.180809913726892,-0.219190086273108,0
UKL10618,Almora,Tehri Garhwal,First Class,185.0,4.7,4.1,4.225868012272657,-0.47413198772734333,0
UKL10619,Tehri Garhwal,Almora,Second Class,264.1,5.7,6.0,5.639186427973747,-0.06081357202625348,0
UKL10620,Haridwar,Pithoragarh,Same Day,322.5,3.1,2.3,2.508519121914053,-0.5914808780859473,0
UKL10621,Rudraprayag,Almora,First Class,265.6,4.7,4.3,4.342515150712137,-0.3574848492878635,0
UKL10622,Haridwar,Pauri Garhwal,First Class,255.7,4.7,4.35,4.361220211249807,-0.3387797887501929,0
UKL10623,Udham Singh Nagar,Champawat,Second Class,305.8,5.7,5.53,5.59451609450341,-0.10548390549659015,0
UKL10624,Tehri Garhwal,Nainital,Standard,385.6,6.4,6.57,6.348638070918532,-0.05136192908146864,0
UKL10625,Almora,Chamoli,Standard,165.3,6.4,6.46,5.687795535278029,-0.712204464721971,0
UKL10626,Pauri Garhwal,Tehri Garhwal,Second Class,307.8,5.7,5.78,5.665303743268114,-0.03469625673188581,0
UKL10627,Chamoli,Bageshwar,Second Class,476.9,5.7,5.8,5.641838514302229,-0.05816148569777102,0
UKL10628,Nainital,Uttarkashi,First Class,455.6,4.7,4.75,4.5378225481679495,-0.16217745183205068,0
UKL10629,Pauri Garhwal,Uttarkashi,Same Day,410.7,3.1,3.85,3.793561991923153,0.6935619919231528,1
UKL10630,Pauri Garhwal,Pithoragarh,Standard,485.9,6.4,6.75,6.55460927277724,0.15460927277723968,1
UKL10631,Uttarkashi,Chamoli,Same Day,350.7,3.1,3.33,3.4079902944400855,0.3079902944400854,1
UKL10632,Nainital,Bageshwar,First Class,410.9,4.7,3.5,4.122746945354785,-0.5772530546452153,0
UKL10633,Champawat,Haridwar,Same Day,278.3,3.1,1.89,2.3262079841765693,-0.7737920158234308,0
UKL10634,Bageshwar,Haridwar,Second Class,199.8,5.7,5.03,5.275935651735118,-0.42406434826488226,0
UKL10635,Chamoli,Almora,Standard,418.8,6.4,7.23,6.545378585737174,0.14537858573717344,1
UKL10636,Udham Singh Nagar,Uttarkashi,Same Day,284.5,3.1,3.54,2.801591126575813,-0.298408873424187,0
UKL10637,Pauri Garhwal,Chamoli,Standard,322.2,6.4,6.93,6.399790469014842,-0.00020953098515796853,0
UKL10638,Chamoli,Dehradun,First Class,139.6,4.7,4.34,4.6746569178048505,-0.02534308219514969,0
UKL10639,Pithoragarh,Almora,Second Class,209.2,5.7,5.24,5.112368116992881,-0.587631883007119,0
UKL10640,Champawat,Tehri Garhwal,Same Day,373.0,3.1,2.69,2.8085797949908464,-0.29142020500915367,0
UKL10641,Chamoli,Haridwar,Standard,239.9,6.4,7.02,6.840624447406685,0.4406244474066847,1
UKL10642,Pauri Garhwal,Nainital,Second Class,348.1,5.7,5.26,5.408508781846969,-0.29149121815303136,0
UKL10643,Champawat,Bageshwar,First Class,278.8,4.7,4.96,4.105870924180907,-0.5941290758190929,0
UKL10644,Tehri Garhwal,Champawat,Second Class,316.0,5.7,5.61,5.759406029165108,0.05940602916510773,1
UKL10645,Chamoli,Nainital,Standard,293.0,6.4,5.94,6.316154826355957,-0.08384517364404331,0
UKL10646,Nainital,Haridwar,Standard,197.0,6.4,4.92,5.1224063707939305,-1.27759362920607,0
UKL10647,Uttarkashi,Pithoragarh,Second Class,365.0,5.7,4.76,5.034395635150065,-0.6656043648499352,0
UKL10648,Almora,Uttarkashi,Standard,148.0,6.4,6.21,5.620738069843514,-0.779261930156486,0
UKL10649,Udham Singh Nagar,Uttarkashi,Second Class,150.2,5.7,6.27,5.649512810713009,-0.05048718928699092,0
UKL10650,Pauri Garhwal,Udham Singh Nagar,First Class,151.4,4.7,4.17,4.429703439940849,-0.27029656005915115,0
UKL10651,Pauri Garhwal,Dehradun,Standard,393.9,6.4,6.18,6.150360812259398,-0.24963918774060279,0
UKL10652,Udham Singh Nagar,Pithoragarh,First Class,425.4,4.7,4.6,4.648364641463243,-0.051635358536756826,0
UKL10653,Champawat,Haridwar,Second Class,289.7,5.7,4.65,5.288830597631673,-0.4111694023683272,0
UKL10654,Pauri Garhwal,Chamoli,Second Class,198.0,5.7,5.37,5.136976361585204,-0.563023638414796,0
UKL10655,Bageshwar,Chamoli,Standard,321.8,6.4,6.87,6.8164415262216425,0.4164415262216421,1
UKL10656,Tehri Garhwal,Almora,First Class,323.1,4.7,4.58,4.256322453911096,-0.443677546088904,0
UKL10657,Almora,Rudraprayag,Standard,489.3,6.4,6.72,6.744781496566975,0.34478149656697443,1
UKL10658,Chamoli,Dehradun,Second Class,353.5,5.7,5.7,5.183636070443283,-0.5163639295567171,0
UKL10659,Dehradun,Bageshwar,Standard,159.0,6.4,6.02,6.095883598581027,-0.3041164014189732,0
UKL10660,Bageshwar,Rudraprayag,Standard,219.9,6.4,6.72,6.391947783041588,-0.008052216958412295,0
UKL10661,Almora,Chamoli,Same Day,495.2,3.1,3.95,3.595684029302867,0.49568402930286704,1
UKL10662,Almora,Uttarkashi,Standard,161.9,6.4,5.89,5.95658096997214,-0.44341903002786065,0
UKL10663,Uttarkashi,Dehradun,Standard,222.9,6.4,5.99,5.631573508891111,-0.7684264911088894,0
UKL10664,Bageshwar,Almora,Standard,320.1,6.4,5.69,6.191400054693577,-0.20859994530642378,0
UKL10665,Chamoli,Pauri Garhwal,Standard,348.2,6.4,6.68,6.78984744414154,0.38984744414154004,1
UKL10666,Champawat,Chamoli,First Class,348.2,4.7,4.62,4.327190602517789,-0.37280939748221087,0
UKL10667,Uttarkashi,Pithoragarh,Second Class,349.3,5.7,4.74,5.037040726039503,-0.6629592739604968,0
UKL10668,Champawat,Almora,First Class,375.0,4.7,5.15,4.791027253675336,0.09102725367533626,1
UKL10669,Uttarkashi,Haridwar,Standard,349.6,6.4,5.91,5.939456196317704,-0.4605438036822962,0
UKL10670,Nainital,Almora,Standard,203.8,6.4,6.5,5.608455145907846,-0.7915448540921544,0
UKL10671,Uttarkashi,Pithoragarh,Standard,399.7,6.4,5.66,6.116478642031405,-0.28352135796859557,0
UKL10672,Pithoragarh,Almora,First Class,325.2,4.7,4.56,4.801833911913759,0.10183391191375879,1
UKL10673,Dehradun,Udham Singh Nagar,Standard,101.7,6.4,5.55,5.724775879359786,-0.6752241206402143,0
UKL10674,Haridwar,Tehri Garhwal,Standard,262.4,6.4,5.43,5.826500617139812,-0.573499382860188,0
UKL10675,Chamoli,Haridwar,Same Day,305.0,3.1,1.88,2.67382002909,-0.42617997091000026,0
UKL10676,Bageshwar,Uttarkashi,Second Class,445.5,5.7,5.4,5.664608475901761,-0.0353915240982392,0
UKL10677,Chamoli,Rudraprayag,First Class,310.1,4.7,4.43,4.290205467126496,-0.4097945328735042,0
UKL10678,Uttarkashi,Rudraprayag,First Class,422.4,4.7,5.26,4.544398609789153,-0.1556013902108475,0
UKL10679,Almora,Chamoli,Same Day,260.1,3.1,1.3,2.318605182427215,-0.7813948175727852,0
UKL10680,Haridwar,Chamoli,Standard,463.7,6.4,6.31,6.546539005035159,0.1465390050351587,1
UKL10681,Chamoli,Nainital,First Class,354.5,4.7,4.64,4.112450705255697,-0.5875492947443028,0
UKL10682,Pauri Garhwal,Dehradun,Same Day,129.8,3.1,2.04,2.037113786536766,-1.062886213463234,0
UKL10683,Bageshwar,Haridwar,Standard,289.8,6.4,5.99,5.714470126778537,-0.685529873221463,0
UKL10684,Pithoragarh,Uttarkashi,First Class,332.7,4.7,3.66,4.237734832018669,-0.46226516798133144,0
UKL10685,Bageshwar,Tehri Garhwal,Standard,229.4,6.4,6.11,6.108530569417172,-0.29146943058282826,0
UKL10686,Pauri Garhwal,Dehradun,Second Class,149.1,5.7,4.81,4.8158184627807765,-0.8841815372192237,0
UKL10687,Nainital,Chamoli,Standard,440.2,6.4,7.41,7.455729349708479,1.0557293497084785,1
UKL10688,Almora,Rudraprayag,Standard,401.0,6.4,6.04,6.576662790140822,0.17666279014082154,1
UKL10689,Rudraprayag,Chamoli,First Class,244.7,4.7,4.15,4.4484757699296065,-0.2515242300703937,0
UKL10690,Haridwar,Champawat,Standard,177.4,6.4,6.14,6.3496416201571275,-0.050358379842872836,0
UKL10691,Dehradun,Bageshwar,First Class,295.2,4.7,4.66,4.68926119144415,-0.010738808555849744,0
UKL10692,Tehri Garhwal,Haridwar,First Class,301.8,4.7,3.41,3.689598763522899,-1.0104012364771013,0
UKL10693,Pithoragarh,Haridwar,Second Class,337.5,5.7,5.82,4.92787423367712,-0.7721257663228798,0
UKL10694,Rudraprayag,Nainital,First Class,416.4,4.7,5.43,4.724344720535073,0.02434472053507264,1
UKL10695,Nainital,Uttarkashi,Standard,482.0,6.4,7.4,6.937280860323442,0.5372808603234418,1
UKL10696,Dehradun,Bageshwar,Standard,336.9,6.4,6.67,5.648298749602263,-0.7517012503977369,0
UKL10697,Almora,Uttarkashi,Standard,189.9,6.4,5.69,5.457003043451612,-0.942996956548388,0
UKL10698,Almora,Haridwar,Standard,202.0,6.4,5.48,5.416942649760337,-0.9830573502396636,0
UKL10699,Dehradun,Rudraprayag,Standard,379.2,6.4,6.07,6.4869667625389695,0.08696676253896918,1
UKL10700,Bageshwar,Tehri Garhwal,Standard,277.9,6.4,6.26,6.1526206845527085,-0.24737931544729186,0
UKL10701,Rudraprayag,Uttarkashi,Standard,317.7,6.4,6.21,6.908539322459199,0.5085393224591988,1
UKL10702,Rudraprayag,Dehradun,Second Class,171.1,5.7,5.53,5.446952102130703,-0.2530478978692976,0
UKL10703,Tehri Garhwal,Uttarkashi,Standard,373.9,6.4,6.53,6.42873251658633,0.028732516586329915,1
UKL10704,Udham Singh Nagar,Haridwar,Same Day,68.9,3.1,2.18,1.7936449407151205,-1.3063550592848796,0
UKL10705,Udham Singh Nagar,Dehradun,Second Class,99.0,5.7,3.77,4.669388624662774,-1.0306113753372266,0
UKL10706,Tehri Garhwal,Chamoli,Second Class,252.2,5.7,5.89,5.257765644483205,-0.4422343555167956,0
UKL10707,Udham Singh Nagar,Bageshwar,Standard,295.7,6.4,6.66,6.011145381999215,-0.388854618000785,0
UKL10708,Udham Singh Nagar,Rudraprayag,Second Class,248.1,5.7,5.44,5.519183503472368,-0.18081649652763243,0
UKL10709,Tehri Garhwal,Pithoragarh,Same Day,440.1,3.1,2.5,3.0861919783894525,-0.013808021610547616,0
UKL10710,Rudraprayag,Champawat,Standard,279.7,6.4,5.74,6.251860705996619,-0.14813929400338122,0
UKL10711,Uttarkashi,Nainital,Second Class,460.1,5.7,7.14,6.1677606614657305,0.46776066146573037,1
UKL10712,Pithoragarh,Rudraprayag,Standard,539.6,6.4,6.8,6.3066008739116235,-0.09339912608837686,0
UKL10713,Dehradun,Nainital,Second Class,359.9,5.7,4.84,5.377889976096128,-0.3221100239038721,0
UKL10714,Rudraprayag,Pithoragarh,First Class,361.3,4.7,5.09,4.384434805905654,-0.31556519409434625,0
UKL10715,Udham Singh Nagar,Pauri Garhwal,Same Day,179.6,3.1,2.66,2.1607955186902825,-0.9392044813097176,0
UKL10716,Pauri Garhwal,Uttarkashi,Standard,410.1,6.4,6.05,6.341745170848825,-0.05825482915117508,0
UKL10717,Udham Singh Nagar,Pithoragarh,Standard,234.8,6.4,5.72,6.0853502537880075,-0.3146497462119928,0
UKL10718,Champawat,Chamoli,Standard,433.8,6.4,6.65,6.064746916471112,-0.3352530835288885,0
UKL10719,Almora,Haridwar,Second Class,377.2,5.7,5.71,5.385863216386229,-0.3141367836137716,0
UKL10720,Dehradun,Udham Singh Nagar,Standard,206.8,6.4,5.33,5.396365248135379,-1.0036347518646211,0
UKL10721,Almora,Uttarkashi,Second Class,435.2,5.7,6.85,5.847390363626408,0.14739036362640778,1
UKL10722,Haridwar,Dehradun,Standard,190.7,6.4,5.69,5.7504821919070155,-0.6495178080929849,0
UKL10723,Nainital,Chamoli,Standard,388.0,6.4,6.59,6.104044784370594,-0.2959552156294061,0
UKL10724,Chamoli,Udham Singh Nagar,Second Class,133.4,5.7,4.56,5.006064449975283,-0.6939355500247171,0
UKL10725,Dehradun,Pithoragarh,Standard,296.4,6.4,5.48,5.823260698916321,-0.5767393010836797,0
UKL10726,Chamoli,Bageshwar,Standard,370.9,6.4,6.0,6.214477361219665,-0.18552263878033504,0
UKL10727,Udham Singh Nagar,Uttarkashi,First Class,266.7,4.7,3.71,4.2455000327996295,-0.45449996720037067,0
UKL10728,Pauri Garhwal,Udham Singh Nagar,Standard,210.6,6.4,6.39,6.153555871739414,-0.24644412826058648,0
UKL10729,Champawat,Almora,Second Class,294.5,5.7,5.15,5.6505146394060874,-0.04948536059391273,0
UKL10730,Haridwar,Tehri Garhwal,Same Day,213.9,3.1,2.49,2.493929626087178,-0.6060703739128219,0
UKL10731,Almora,Dehradun,Standard,188.0,6.4,5.47,5.041919589551252,-1.358080410448748,0
UKL10732,Pithoragarh,Bageshwar,Standard,404.9,6.4,5.25,6.095509999660482,-0.3044900003395181,0
UKL10733,Bageshwar,Udham Singh Nagar,Standard,295.2,6.4,6.01,6.348067884527507,-0.051932115472493656,0
UKL10734,Chamoli,Champawat,Standard,166.9,6.4,5.86,6.402392346511934,0.0023923465119333187,1
UKL10735,Bageshwar,Nainital,Second Class,243.5,5.7,6.17,5.6788464378964445,-0.02115356210355568,0
UKL10736,Tehri Garhwal,Pauri Garhwal,Standard,443.3,6.4,6.69,6.524942009807564,0.12494200980756354,1
UKL10737,Udham Singh Nagar,Rudraprayag,Standard,231.6,6.4,6.03,5.804685391644797,-0.5953146083552037,0
UKL10738,Nainital,Uttarkashi,First Class,426.1,4.7,4.36,4.511125043306142,-0.18887495669385856,0
UKL10739,Haridwar,Pauri Garhwal,Standard,173.9,6.4,6.05,6.084081276538252,-0.3159187234617482,0
UKL10740,Almora,Pauri Garhwal,Standard,237.5,6.4,5.33,5.598725619043817,-0.8012743809561833,0
UKL10741,Chamoli,Dehradun,First Class,334.1,4.7,3.61,4.10490761044509,-0.5950923895549103,0
UKL10742,Uttarkashi,Udham Singh Nagar,Standard,277.6,6.4,6.15,6.1327572294818875,-0.26724277051811285,0
UKL10743,Udham Singh Nagar,Pauri Garhwal,Second Class,401.5,5.7,5.45,5.7485606690175635,0.048560669017563285,1
UKL10744,Tehri Garhwal,Pithoragarh,Second Class,149.1,5.7,5.25,5.616074952056799,-0.08392504794320121,0
UKL10745,Nainital,Udham Singh Nagar,Standard,291.4,6.4,6.44,6.103829473385399,-0.29617052661460175,0
UKL10746,Pithoragarh,Chamoli,Second Class,189.5,5.7,5.14,5.086917169874549,-0.6130828301254514,0
UKL10747,Chamoli,Bageshwar,Standard,444.4,6.4,6.1,5.958379064745349,-0.44162093525465096,0
UKL10748,Nainital,Udham Singh Nagar,Standard,131.4,6.4,4.99,5.142892757099476,-1.2571072429005241,0
UKL10749,Nainital,Tehri Garhwal,Standard,445.4,6.4,6.61,6.222932211103547,-0.17706778889645314,0
UKL10750,Rudraprayag,Nainital,Second Class,287.3,5.7,5.46,5.72570564177395,0.02570564177394985,1
UKL10751,Haridwar,Rudraprayag,Standard,416.3,6.4,6.33,5.9485766140623735,-0.4514233859376269,0
UKL10752,Champawat,Pithoragarh,Same Day,236.4,3.1,3.96,3.6874982296105294,0.5874982296105293,1
UKL10753,Pithoragarh,Champawat,Standard,422.0,6.4,6.73,6.758524661795395,0.35852466179539455,1
UKL10754,Haridwar,Rudraprayag,Standard,396.8,6.4,5.99,6.424490847672986,0.02449084767298526,1
UKL10755,Bageshwar,Pauri Garhwal,Standard,106.9,6.4,5.63,5.710983966343444,-0.6890160336565563,0
UKL10756,Dehradun,Haridwar,Second Class,110.7,5.7,5.03,4.843581045558799,-0.8564189544412013,0
UKL10757,Champawat,Chamoli,Second Class,190.0,5.7,5.33,4.82836632716191,-0.8716336728380902,0
UKL10758,Pauri Garhwal,Haridwar,Second Class,293.4,5.7,5.52,5.591920336600751,-0.10807966339924935,0
UKL10759,Rudraprayag,Uttarkashi,Standard,279.1,6.4,6.36,5.767497390387768,-0.6325026096122324,0
UKL10760,Pauri Garhwal,Pithoragarh,First Class,265.3,4.7,4.23,4.257392333453217,-0.44260766654678285,0
UKL10761,Nainital,Pithoragarh,Second Class,493.2,5.7,5.32,5.32703490052686,-0.3729650994731406,0
UKL10762,Haridwar,Almora,Same Day,267.2,3.1,2.03,2.345663749165092,-0.7543362508349083,0
UKL10763,Pithoragarh,Nainital,Standard,495.2,6.4,6.98,6.703291994921191,0.3032919949211905,1
UKL10764,Pithoragarh,Udham Singh Nagar,Standard,225.7,6.4,5.37,5.788802252001405,-0.6111977479985953,0
UKL10765,Nainital,Chamoli,First Class,277.7,4.7,4.12,4.652067849430752,-0.047932150569248044,0
UKL10766,Pauri Garhwal,Rudraprayag,Standard,332.1,6.4,5.62,5.856569373617823,-0.5434306263821771,0
UKL10767,Udham Singh Nagar,Uttarkashi,Second Class,249.9,5.7,5.95,5.552835965800898,-0.1471640341991023,0
UKL10768,Tehri Garhwal,Dehradun,Second Class,383.5,5.7,5.68,5.230600472136232,-0.46939952786376793,0
UKL10769,Chamoli,Haridwar,Standard,406.9,6.4,6.01,5.873797877532439,-0.526202122467561,0
UKL10770,Udham Singh Nagar,Pithoragarh,Standard,282.2,6.4,6.41,6.043082594287018,-0.35691740571298247,0
UKL10771,Uttarkashi,Nainital,Second Class,451.5,5.7,6.46,5.778304613737431,0.0783046137374308,1
UKL10772,Haridwar,Almora,Standard,313.3,6.4,6.64,6.394706117429783,-0.005293882570217789,0
UKL10773,Tehri Garhwal,Rudraprayag,Standard,368.4,6.4,5.92,6.165220307370627,-0.23477969262937304,0
UKL10774,Almora,Tehri Garhwal,Second Class,321.9,5.7,4.62,4.864191865514306,-0.8358081344856938,0
UKL10775,Champawat,Uttarkashi,Second Class,364.9,5.7,4.64,5.252909498909744,-0.4470905010902566,0
UKL10776,Pauri Garhwal,Tehri Garhwal,Standard,365.3,6.4,5.92,6.0732172299613225,-0.32678277003867784,0
UKL10777,Udham Singh Nagar,Chamoli,Second Class,236.1,5.7,5.89,5.3428675541993,-0.35713244580070036,0
UKL10778,Pithoragarh,Udham Singh Nagar,Standard,267.3,6.4,5.85,5.876435962127495,-0.5235640378725055,0
UKL10779,Pauri Garhwal,Pithoragarh,Second Class,408.9,5.7,5.28,5.232607531133109,-0.46739246886689134,0
UKL10780,Champawat,Almora,Standard,129.7,6.4,5.84,5.6661490742702165,-0.7338509257297838,0
UKL10781,Udham Singh Nagar,Tehri Garhwal,First Class,345.4,4.7,3.94,4.416827382522563,-0.2831726174774376,0
UKL10782,Pithoragarh,Uttarkashi,Second Class,454.5,5.7,5.78,6.269122559250279,0.5691225592502791,1
UKL10783,Haridwar,Almora,Second Class,309.1,5.7,5.32,5.252668509736275,-0.4473314902637249,0
UKL10784,Tehri Garhwal,Chamoli,Standard,423.9,6.4,6.0,6.077505920093782,-0.32249407990621837,0
UKL10785,Chamoli,Almora,First Class,422.8,4.7,4.52,4.85886016804471,0.15886016804470948,1
UKL10786,Udham Singh Nagar,Rudraprayag,First Class,224.8,4.7,4.07,4.062739170409852,-0.6372608295901481,0
UKL10787,Champawat,Rudraprayag,Standard,513.2,6.4,6.4,6.7441918530695375,0.34419185306953715,1
UKL10788,Haridwar,Bageshwar,Second Class,163.5,5.7,4.94,4.4435301239484275,-1.2564698760515727,0
UKL10789,Pauri Garhwal,Haridwar,First Class,251.3,4.7,4.39,4.03090943216091,-0.6690905678390902,0
UKL10790,Chamoli,Bageshwar,Standard,368.3,6.4,6.29,5.696271613919851,-0.7037283860801491,0
UKL10791,Rudraprayag,Pithoragarh,Standard,128.8,6.4,5.14,6.0728027634353285,-0.3271972365646718,0
UKL10792,Haridwar,Rudraprayag,First Class,360.3,4.7,4.75,4.440573709448637,-0.2594262905513629,0
UKL10793,Nainital,Champawat,Standard,416.7,6.4,6.26,6.466091403533232,0.06609140353323184,1
UKL10794,Pauri Garhwal,Bageshwar,Second Class,395.3,5.7,7.74,6.76272133589916,1.0627213358991598,1
UKL10795,Udham Singh Nagar,Champawat,Standard,224.2,6.4,4.98,5.618672776010028,-0.7813272239899725,0
UKL10796,Haridwar,Nainital,Second Class,269.6,5.7,5.63,5.192898584978741,-0.5071014150212596,0
UKL10797,Rudraprayag,Tehri Garhwal,Same Day,325.8,3.1,3.75,3.486702857563947,0.38670285756394707,1
UKL10798,Dehradun,Champawat,First Class,193.7,4.7,3.29,3.471201029807006,-1.2287989701929942,0
UKL10799,Pithoragarh,Dehradun,Second Class,378.6,5.7,5.48,5.035695051207275,-0.6643049487927248,0
UKL10800,Almora,Pithoragarh,Standard,218.2,6.4,5.72,5.910137577686693,-0.48986242231330746,0
UKL10801,Almora,Dehradun,Standard,120.4,6.4,6.21,6.023366837458501,-0.37663316254149937,0
UKL10802,Almora,Champawat,Standard,389.9,6.4,6.01,5.9899911512615365,-0.4100088487384639,0
UKL10803,Tehri Garhwal,Bageshwar,Standard,267.9,6.4,5.89,5.99306714555685,-0.4069328544431503,0
UKL10804,Uttarkashi,Dehradun,Standard,445.1,6.4,6.54,6.141928465775202,-0.2580715342247988,0
UKL10805,Tehri Garhwal,Rudraprayag,Standard,238.6,6.4,6.62,6.0516255124103715,-0.34837448758962886,0
UKL10806,Chamoli,Uttarkashi,Standard,433.5,6.4,6.18,6.689088990075435,0.28908899007543454,1
UKL10807,Bageshwar,Udham Singh Nagar,Standard,305.9,6.4,6.05,5.981244631275565,-0.418755368724435,0
UKL10808,Uttarkashi,Chamoli,Second Class,392.5,5.7,5.58,5.484901314326894,-0.21509868567310608,0
UKL10809,Dehradun,Nainital,Second Class,359.4,5.7,4.44,5.329895659417636,-0.3701043405823645,0
UKL10810,Rudraprayag,Dehradun,Standard,333.1,6.4,6.15,6.101469805876753,-0.29853019412324766,0
UKL10811,Champawat,Pithoragarh,Second Class,489.0,5.7,6.7,5.978218990908139,0.2782189909081385,1
UKL10812,Udham Singh Nagar,Bageshwar,Standard,337.1,6.4,4.9,5.949640104961594,-0.4503598950384067,0
UKL10813,Almora,Champawat,Standard,153.9,6.4,6.54,5.72478080268295,-0.67521919731705,0
UKL10814,Dehradun,Bageshwar,First Class,360.2,4.7,5.1,5.082985610656249,0.3829856106562488,1
UKL10815,Dehradun,Chamoli,First Class,295.3,4.7,4.39,4.636953293830066,-0.06304670616993402,0
UKL10816,Almora,Udham Singh Nagar,Standard,237.8,6.4,5.57,6.476350573642096,0.0763505736420953,1
UKL10817,Champawat,Haridwar,Second Class,192.3,5.7,4.59,4.532524524740449,-1.1674754752595513,0
UKL10818,Pithoragarh,Champawat,Second Class,355.1,5.7,4.91,5.387299190904823,-0.31270080909517706,0
UKL10819,Almora,Chamoli,First Class,413.2,4.7,4.86,4.874890350048573,0.17489035004857278,1
UKL10820,Pauri Garhwal,Champawat,Standard,414.4,6.4,6.86,6.439057008039018,0.039057008039018015,1
UKL10821,Nainital,Dehradun,Standard,253.6,6.4,5.74,6.030668481649302,-0.3693315183506982,0
UKL10822,Udham Singh Nagar,Uttarkashi,Same Day,194.7,3.1,1.83,2.502727952364573,-0.597272047635427,0
UKL10823,Udham Singh Nagar,Uttarkashi,Second Class,449.5,5.7,5.44,5.582792028379511,-0.11720797162048946,0
UKL10824,Tehri Garhwal,Haridwar,First Class,94.0,4.7,3.69,3.8864754975921443,-0.8135245024078559,0
UKL10825,Rudraprayag,Champawat,Standard,256.7,6.4,6.07,5.726919626525314,-0.6730803734746864,0
UKL10826,Chamoli,Champawat,First Class,332.2,4.7,4.35,4.3203831106532045,-0.3796168893467957,0
UKL10827,Almora,Dehradun,Standard,404.2,6.4,7.0,6.335493302274194,-0.06450669772580664,0
UKL10828,Bageshwar,Pauri Garhwal,Standard,211.4,6.4,4.81,5.542387501244118,-0.8576124987558824,0
UKL10829,Udham Singh Nagar,Almora,First Class,204.5,4.7,4.3,3.704568423152186,-0.9954315768478144,0
UKL10830,Uttarkashi,Champawat,Same Day,225.0,3.1,2.19,2.2929549550666843,-0.8070450449333157,0
UKL10831,Dehradun,Pauri Garhwal,Standard,180.5,6.4,5.56,5.92340077760982,-0.47659922239018027,0
UKL10832,Chamoli,Pauri Garhwal,Second Class,437.6,5.7,6.21,5.836146771074595,0.1361467710745945,1
UKL10833,Pithoragarh,Dehradun,Standard,362.1,6.4,5.91,6.087472333181114,-0.31252766681888655,0
UKL10834,Haridwar,Pithoragarh,Standard,308.9,6.4,5.29,6.049527705983143,-0.350472294016857,0
UKL10835,Bageshwar,Pauri Garhwal,Standard,304.7,6.4,6.13,6.185549636553881,-0.21445036344611967,0
UKL10836,Rudraprayag,Almora,Second Class,429.1,5.7,4.96,5.432514886417452,-0.26748511358254845,0
UKL10837,Tehri Garhwal,Pithoragarh,Standard,213.5,6.4,6.17,6.243657536419292,-0.15634246358070847,0
UKL10838,Chamoli,Pithoragarh,Standard,341.5,6.4,6.15,6.118747559942223,-0.28125244005777716,0
UKL10839,Pauri Garhwal,Almora,First Class,408.5,4.7,5.25,4.664581126248562,-0.03541887375143826,0
UKL10840,Haridwar,Udham Singh Nagar,First Class,217.8,4.7,4.04,3.6644504155395743,-1.0355495844604259,0
UKL10841,Champawat,Rudraprayag,Standard,292.7,6.4,6.04,5.84566790501019,-0.5543320949898103,0
UKL10842,Bageshwar,Uttarkashi,Second Class,361.3,5.7,6.09,5.516594154608832,-0.18340584539116822,0
UKL10843,Pauri Garhwal,Pithoragarh,First Class,354.6,4.7,4.74,4.087469965346481,-0.6125300346535187,0
UKL10844,Pithoragarh,Udham Singh Nagar,Standard,401.4,6.4,7.27,6.455154105945949,0.05515410594594883,1
UKL10845,Udham Singh Nagar,Haridwar,Standard,106.0,6.4,4.49,5.227146563544259,-1.1728534364557417,0
UKL10846,Haridwar,Dehradun,First Class,68.3,4.7,4.38,3.921778513133379,-0.7782214868666211,0
UKL10847,Tehri Garhwal,Udham Singh Nagar,Second Class,302.9,5.7,4.41,5.12964835337105,-0.57035164662895,0
UKL10848,Chamoli,Dehradun,Standard,289.2,6.4,6.31,5.666981972909933,-0.7330180270900675,0
UKL10849,Tehri Garhwal,Udham Singh Nagar,Standard,331.7,6.4,6.79,6.423051984962037,0.023051984962036975,1
UKL10850,Bageshwar,Nainital,Second Class,211.5,5.7,4.52,5.289536037549295,-0.41046396245070493,0
UKL10851,Almora,Haridwar,Second Class,299.8,5.7,5.33,5.107329332449109,-0.592670667550891,0
UKL10852,Tehri Garhwal,Bageshwar,Standard,306.4,6.4,6.08,6.011769362704248,-0.38823063729575225,0
UKL10853,Haridwar,Uttarkashi,Standard,272.7,6.4,7.8,6.626090733167695,0.22609073316769468,1
UKL10854,Tehri Garhwal,Uttarkashi,First Class,179.6,4.7,3.95,4.480591021629006,-0.2194089783709945,0
UKL10855,Almora,Dehradun,Standard,295.1,6.4,6.16,5.721584664297037,-0.6784153357029634,0
UKL10856,Chamoli,Udham Singh Nagar,First Class,313.3,4.7,3.54,3.8196133210786156,-0.8803866789213846,0
UKL10857,Uttarkashi,Dehradun,Second Class,226.9,5.7,5.26,5.680430369731916,-0.01956963026808456,0
UKL10858,Udham Singh Nagar,Champawat,Standard,352.8,6.4,6.02,5.513843053135021,-0.886156946864979,0
UKL10859,Udham Singh Nagar,Nainital,Standard,350.3,6.4,6.18,5.848203081760875,-0.5517969182391251,0
UKL10860,Tehri Garhwal,Nainital,Second Class,399.6,5.7,5.91,6.081446307992545,0.38144630799254475,1
UKL10861,Uttarkashi,Dehradun,Second Class,325.8,5.7,4.69,5.248499926843754,-0.45150007315624574,0
UKL10862,Chamoli,Tehri Garhwal,Standard,323.4,6.4,6.01,5.623378013413284,-0.7766219865867168,0
UKL10863,Tehri Garhwal,Pithoragarh,Same Day,302.5,3.1,3.61,2.490665379897515,-0.609334620102485,0
UKL10864,Haridwar,Champawat,Same Day,231.5,3.1,2.32,2.5873869889484062,-0.5126130110515938,0
UKL10865,Udham Singh Nagar,Dehradun,Second Class,148.1,5.7,4.53,4.840493572021605,-0.8595064279783955,0
UKL10866,Chamoli,Pauri Garhwal,Standard,371.5,6.4,6.08,6.325040065611943,-0.07495993438805737,0
UKL10867,Pithoragarh,Haridwar,First Class,430.6,4.7,3.44,4.264950986388384,-0.4350490136116161,0
UKL10868,Nainital,Pithoragarh,Second Class,263.0,5.7,5.43,5.401401800893163,-0.29859819910683694,0
UKL10869,Almora,Chamoli,Standard,393.3,6.4,6.12,6.307428520236002,-0.09257147976399871,0
UKL10870,Dehradun,Pithoragarh,Standard,415.7,6.4,6.59,6.422973016716037,0.02297301671603691,1
UKL10871,Pithoragarh,Haridwar,Standard,388.9,6.4,6.44,6.228893884299125,-0.17110611570087553,0
UKL10872,Almora,Nainital,Standard,331.3,6.4,5.85,5.956130667862181,-0.44386933213781976,0
UKL10873,Uttarkashi,Udham Singh Nagar,Standard,321.3,6.4,5.32,5.846763533011642,-0.5532364669883583,0
UKL10874,Nainital,Haridwar,Second Class,347.0,5.7,4.76,5.108835241095353,-0.5911647589046476,0
UKL10875,Udham Singh Nagar,Champawat,Second Class,350.6,5.7,5.84,5.648716255901191,-0.05128374409880898,0
UKL10876,Tehri Garhwal,Chamoli,First Class,443.1,4.7,5.56,5.444005293996975,0.7440052939969748,1
UKL10877,Tehri Garhwal,Champawat,Standard,326.2,6.4,7.05,6.121495080956221,-0.2785049190437796,0
UKL10878,Udham Singh Nagar,Chamoli,Second Class,396.2,5.7,5.12,5.7359806076846676,0.035980607684667376,1
UKL10879,Bageshwar,Tehri Garhwal,Same Day,352.0,3.1,2.24,2.1760766068585427,-0.9239233931414574,0
UKL10880,Dehradun,Bageshwar,Standard,317.8,6.4,5.8,5.461602991981371,-0.9383970080186295,0
UKL10881,Uttarkashi,Champawat,Standard,413.0,6.4,6.34,6.2809603616134195,-0.11903963838658083,0
UKL10882,Pithoragarh,Chamoli,Standard,547.8,6.4,7.18,6.300804983457897,-0.09919501654210361,0
UKL10883,Bageshwar,Udham Singh Nagar,Standard,294.3,6.4,6.08,5.956435179510697,-0.44356482048930346,0
UKL10884,Haridwar,Tehri Garhwal,First Class,297.5,4.7,4.44,4.148195989583861,-0.5518040104161388,0
UKL10885,Tehri Garhwal,Pithoragarh,Second Class,324.9,5.7,5.52,5.386734760222101,-0.3132652397778992,0
UKL10886,Nainital,Uttarkashi,Second Class,358.0,5.7,5.95,5.203426310133967,-0.49657368986603334,0
UKL10887,Almora,Rudraprayag,Standard,193.3,6.4,5.85,5.9836749751568785,-0.41632502484312184,0
UKL10888,Rudraprayag,Tehri Garhwal,Standard,414.6,6.4,6.75,6.339125539081257,-0.06087446091874327,0
UKL10889,Tehri Garhwal,Champawat,Standard,334.8,6.4,6.3,6.59975735833555,0.19975735833554964,1
UKL10890,Dehradun,Chamoli,Same Day,199.8,3.1,2.46,2.5182453542100474,-0.5817546457899527,0
UKL10891,Pauri Garhwal,Rudraprayag,Second Class,363.7,5.7,4.77,5.232257176539342,-0.4677428234606582,0
UKL10892,Chamoli,Nainital,Standard,137.0,6.4,5.41,5.489595220358932,-0.9104047796410679,0
UKL10893,Pithoragarh,Tehri Garhwal,Second Class,382.3,5.7,6.06,5.360550060680404,-0.33944993931959644,0
UKL10894,Uttarkashi,Champawat,First Class,471.2,4.7,4.6,4.745634278573467,0.045634278573467135,1
UKL10895,Rudraprayag,Bageshwar,Standard,418.5,6.4,5.8,6.580096595182857,0.1800965951828566,1
UKL10896,Nainital,Bageshwar,Second Class,318.8,5.7,5.12,5.308468037392647,-0.39153196260735346,0
UKL10897,Haridwar,Udham Singh Nagar,Standard,102.9,6.4,5.52,5.405289785575447,-0.9947102144245532,0
UKL10898,Pithoragarh,Dehradun,First Class,238.2,4.7,4.84,4.577520855350552,-0.1224791446494482,0
UKL10899,Tehri Garhwal,Uttarkashi,Same Day,416.9,3.1,2.25,3.3827008148145774,0.2827008148145773,1
UKL10900,Uttarkashi,Bageshwar,Standard,411.9,6.4,6.22,6.135527385634449,-0.2644726143655509,0
UKL10901,Nainital,Udham Singh Nagar,Standard,261.7,6.4,5.15,5.592377164242715,-0.807622835757285,0
UKL10902,Almora,Champawat,Standard,331.3,6.4,5.52,5.967416459088059,-0.4325835409119412,0
UKL10903,Champawat,Dehradun,Standard,211.9,6.4,5.43,5.977136166473421,-0.42286383352657975,0
UKL10904,Uttarkashi,Haridwar,Second Class,359.9,5.7,5.55,5.1826409740252775,-0.5173590259747227,0
UKL10905,Dehradun,Nainital,Standard,146.8,6.4,7.71,6.656341089146013,0.2563410891460123,1
UKL10906,Nainital,Chamoli,Second Class,467.5,5.7,6.04,5.552013746958575,-0.14798625304142554,0
UKL10907,Haridwar,Uttarkashi,First Class,319.5,4.7,4.31,4.45942591134194,-0.24057408865806007,0
UKL10908,Nainital,Haridwar,Standard,200.9,6.4,5.47,5.298457030243388,-1.1015429697566121,0
UKL10909,Pithoragarh,Champawat,Standard,299.8,6.4,5.38,5.538446928045257,-0.8615530719547433,0
UKL10910,Rudraprayag,Bageshwar,Standard,371.8,6.4,6.53,6.46525616510576,0.06525616510575993,1
UKL10911,Nainital,Udham Singh Nagar,Standard,212.8,6.4,5.37,5.643955667276177,-0.7560443327238238,0
UKL10912,Chamoli,Champawat,Second Class,288.1,5.7,5.58,5.046223713820741,-0.6537762861792595,0
UKL10913,Pithoragarh,Udham Singh Nagar,Standard,175.9,6.4,6.21,5.594920016802261,-0.8050799831977393,0
UKL10914,Almora,Champawat,Second Class,302.9,5.7,4.31,4.642556270120204,-1.0574437298797958,0
UKL10915,Haridwar,Bageshwar,Standard,173.3,6.4,5.33,5.602189005859246,-0.7978109941407547,0
UKL10916,Tehri Garhwal,Pauri Garhwal,First Class,223.3,4.7,4.35,4.068458919169856,-0.6315410808301438,0
UKL10917,Pithoragarh,Nainital,Standard,381.0,6.4,6.32,6.273166973804216,-0.12683302619578463,0
UKL10918,Chamoli,Uttarkashi,Second Class,351.3,5.7,4.94,5.442970946115673,-0.2570290538843274,0
UKL10919,Nainital,Uttarkashi,Standard,271.8,6.4,6.43,6.096149671198637,-0.30385032880136364,0
UKL10920,Nainital,Chamoli,Standard,510.5,6.4,6.37,6.978474812626288,0.578474812626288,1
UKL10921,Rudraprayag,Almora,Standard,306.5,6.4,6.01,5.9572386314826185,-0.4427613685173819,0
UKL10922,Haridwar,Udham Singh Nagar,Second Class,52.3,5.7,5.26,4.830652210393241,-0.869347789606759,0
UKL10923,Pauri Garhwal,Bageshwar,Standard,265.8,6.4,5.64,5.750276049474862,-0.6497239505251384,0
UKL10924,Dehradun,Tehri Garhwal,Standard,289.0,6.4,5.79,5.789487437123971,-0.6105125628760293,0
UKL10925,Pauri Garhwal,Nainital,First Class,407.0,4.7,5.84,4.8977279407512455,0.19772794075124533,1
UKL10926,Nainital,Haridwar,First Class,211.8,4.7,4.0,3.6197687550089803,-1.0802312449910199,0
UKL10927,Pithoragarh,Chamoli,Standard,433.9,6.4,5.76,5.857542753021363,-0.5424572469786373,0
UKL10928,Bageshwar,Haridwar,First Class,346.0,4.7,4.12,4.309542527933367,-0.3904574720666334,0
UKL10929,Dehradun,Haridwar,First Class,69.6,4.7,4.28,3.9847640184306674,-0.7152359815693328,0
UKL10930,Udham Singh Nagar,Tehri Garhwal,Standard,237.6,6.4,6.15,5.930952808490558,-0.46904719150944274,0
UKL10931,Pithoragarh,Bageshwar,Same Day,540.1,3.1,3.31,2.8263491923072186,-0.2736508076927815,0
UKL10932,Rudraprayag,Chamoli,Standard,463.2,6.4,6.06,6.186493756421616,-0.21350624357838477,0
UKL10933,Uttarkashi,Nainital,Standard,406.2,6.4,5.89,6.4896407581561935,0.0896407581561931,1
UKL10934,Dehradun,Haridwar,Standard,176.5,6.4,5.09,5.346381396287521,-1.0536186037124793,0
UKL10935,Almora,Champawat,First Class,473.3,4.7,4.49,4.659194326451749,-0.0408056735482516,0
UKL10936,Almora,Chamoli,Standard,406.1,6.4,5.81,6.873666747073561,0.47366674707356093,1
UKL10937,Rudraprayag,Nainital,First Class,185.2,4.7,4.23,4.1949404953413145,-0.5050595046586857,0
UKL10938,Haridwar,Almora,Second Class,402.7,5.7,4.66,4.879201724512465,-0.8207982754875349,0
UKL10939,Haridwar,Chamoli,Standard,208.2,6.4,6.37,6.449645969542248,0.049645969542247315,1
UKL10940,Dehradun,Pithoragarh,Standard,289.8,6.4,7.28,6.819617914851937,0.419617914851937,1
UKL10941,Dehradun,Pauri Garhwal,First Class,370.8,4.7,4.58,4.202769107388271,-0.4972308926117295,0
UKL10942,Rudraprayag,Chamoli,Standard,584.1,6.4,6.98,7.334182433629822,0.9341824336298217,1
UKL10943,Nainital,Pauri Garhwal,Standard,227.8,6.4,5.81,5.912563541800322,-0.48743645819967796,0
UKL10944,Udham Singh Nagar,Chamoli,Second Class,281.3,5.7,5.81,5.941714912087734,0.2417149120877342,1
UKL10945,Almora,Tehri Garhwal,Standard,278.4,6.4,6.31,5.493047510444478,-0.9069524895555228,0
UKL10946,Haridwar,Dehradun,First Class,90.1,4.7,3.62,4.289215644814636,-0.41078435518536427,0
UKL10947,Pauri Garhwal,Nainital,Standard,298.5,6.4,6.89,6.28679492354154,-0.11320507645846067,0
UKL10948,Almora,Rudraprayag,Standard,128.4,6.4,6.92,6.112704884510917,-0.2872951154890835,0
UKL10949,Dehradun,Rudraprayag,Standard,282.7,6.4,6.03,6.181359445673726,-0.21864055432627438,0
UKL10950,Haridwar,Tehri Garhwal,Standard,166.1,6.4,6.45,5.804500312073528,-0.5954996879264725,0
UKL10951,Rudraprayag,Champawat,Second Class,361.2,5.7,5.58,5.489944498498639,-0.21005550150136099,0
UKL10952,Bageshwar,Tehri Garhwal,Standard,112.5,6.4,6.0,5.600229178998534,-0.7997708210014665,0
UKL10953,Dehradun,Bageshwar,Second Class,263.2,5.7,3.68,4.913389566726959,-0.786610433273041,0
UKL10954,Pauri Garhwal,Uttarkashi,Standard,216.1,6.4,6.5,6.174472965414763,-0.22552703458523737,0
UKL10955,Dehradun,Tehri Garhwal,Standard,272.0,6.4,6.69,5.989296285806531,-0.4107037141934695,0
UKL10956,Almora,Chamoli,Second Class,221.9,5.7,6.3,6.143084307807714,0.44308430780771424,1
UKL10957,Tehri Garhwal,Uttarkashi,Standard,352.1,6.4,5.94,6.430201566492226,0.030201566492225496,1
UKL10958,Pauri Garhwal,Champawat,Second Class,390.5,5.7,6.26,5.99493657150259,0.29493657150259,1
UKL10959,Haridwar,Champawat,Second Class,237.8,5.7,4.12,4.837703861840347,-0.8622961381596532,0
UKL10960,Nainital,Chamoli,First Class,542.0,4.7,5.32,5.243203188507118,0.5432031885071176,1
UKL10961,Almora,Rudraprayag,Standard,349.7,6.4,7.02,6.795074077723039,0.3950740777230388,1
UKL10962,Nainital,Almora,Standard,318.6,6.4,6.76,6.130009422458925,-0.26999057754107536,0
UKL10963,Nainital,Chamoli,Second Class,485.0,5.7,5.5,5.801124389471132,0.10112438947113223,1
UKL10964,Dehradun,Nainital,Same Day,400.4,3.1,2.95,3.120304235333528,0.020304235333528098,1
UKL10965,Haridwar,Rudraprayag,Standard,384.7,6.4,6.6,6.622604442083839,0.22260444208383845,1
UKL10966,Bageshwar,Pauri Garhwal,Standard,270.2,6.4,6.32,6.013870111477114,-0.38612988852288677,0
UKL10967,Uttarkashi,Pithoragarh,Second Class,542.0,5.7,5.79,5.934200660031468,0.2342006600314681,1
UKL10968,Tehri Garhwal,Udham Singh Nagar,Second Class,266.6,5.7,4.59,4.7740092209194955,-0.9259907790805046,0
UKL10969,Nainital,Pithoragarh,First Class,294.5,4.7,4.64,3.964254049656405,-0.735745950343595,0
UKL10970,Pithoragarh,Haridwar,First Class,258.0,4.7,4.91,4.21536827885722,-0.4846317211427804,0
UKL10971,Haridwar,Almora,Standard,321.9,6.4,5.8,5.960793360781745,-0.43920663921825565,0
UKL10972,Tehri Garhwal,Dehradun,Second Class,374.2,5.7,6.25,5.767876025211745,0.06787602521174474,1
UKL10973,Dehradun,Tehri Garhwal,Second Class,237.0,5.7,5.81,5.238349756676809,-0.4616502433231915,0
UKL10974,Bageshwar,Uttarkashi,Standard,216.2,6.4,6.81,6.223372692842602,-0.17662730715739805,0
UKL10975,Dehradun,Bageshwar,Standard,267.7,6.4,6.21,5.565120371066803,-0.834879628933197,0
UKL10976,Chamoli,Pithoragarh,Same Day,311.2,3.1,2.7,2.8976936547531777,-0.20230634524682234,0
UKL10977,Nainital,Rudraprayag,Standard,375.9,6.4,6.11,6.373584748094517,-0.026415251905483217,0
UKL10978,Tehri Garhwal,Nainital,Standard,269.3,6.4,6.1,5.589033857123408,-0.810966142876592,0
UKL10979,Chamoli,Pithoragarh,Second Class,498.0,5.7,6.78,6.027053020284665,0.3270530202846649,1
UKL10980,Rudraprayag,Champawat,Standard,278.4,6.4,5.51,5.9547362954133805,-0.4452637045866199,0
UKL10981,Champawat,Dehradun,First Class,314.5,4.7,4.25,4.525595138858687,-0.17440486114131293,0
UKL10982,Haridwar,Nainital,Standard,190.1,6.4,5.23,5.892463585843178,-0.5075364141568226,0
UKL10983,Tehri Garhwal,Nainital,First Class,361.1,4.7,5.62,4.618631879354738,-0.08136812064526211,0
UKL10984,Almora,Uttarkashi,Standard,542.4,6.4,6.3,7.120358690376268,0.7203586903762673,1
UKL10985,Haridwar,Uttarkashi,Standard,349.4,6.4,6.62,6.6010019454260345,0.2010019454260341,1
UKL10986,Almora,Dehradun,Standard,132.5,6.4,5.08,5.096541574386029,-1.3034584256139716,0
UKL10987,Udham Singh Nagar,Champawat,First Class,262.4,4.7,4.9,4.549941302112396,-0.15005869788760418,0
UKL10988,Udham Singh Nagar,Pauri Garhwal,Second Class,310.7,5.7,5.1,5.3034799114514275,-0.3965200885485727,0
UKL10989,Bageshwar,Nainital,First Class,310.5,4.7,4.07,4.210368521225973,-0.4896314787740268,0
UKL10990,Uttarkashi,Tehri Garhwal,Standard,211.3,6.4,5.71,5.987221045119862,-0.41277895488013794,0
UKL10991,Champawat,Chamoli,Standard,260.6,6.4,6.99,6.897843426752943,0.4978434267529428,1
UKL10992,Dehradun,Bageshwar,Standard,230.0,6.4,6.1,5.7197234556992855,-0.6802765443007148,0
UKL10993,Haridwar,Almora,Second Class,139.9,5.7,4.88,4.960755157851295,-0.7392448421487048,0
UKL10994,Pauri Garhwal,Pithoragarh,Standard,338.8,6.4,7.02,6.550228485775297,0.15022848577529668,1
UKL10995,Tehri Garhwal,Almora,Standard,370.3,6.4,5.81,6.750457915371703,0.35045791537170246,1
UKL10996,Almora,Pauri Garhwal,Second Class,244.7,5.7,4.98,4.735368999952498,-0.9646310000475022,0
UKL10997,Udham Singh Nagar,Bageshwar,Standard,298.0,6.4,5.77,6.351624194811948,-0.04837580518805229,0
UKL10998,Rudraprayag,Bageshwar,Standard,303.5,6.4,6.91,6.491234676079755,0.09123467607975488,1
UKL10999,Pauri Garhwal,Udham Singh Nagar,Standard,181.1,6.4,6.22,5.8888405859092,-0.5111594140908,0
UKL11000,Uttarkashi,Champawat,Standard,320.0,6.4,7.28,5.966915824542362,-0.43308417545763866,0
