origin_district,destination_district,shipments,high_risk_shipments,avg_predicted_delivery,avg_scheduled_delivery,risk_rate
Champawat,Pithoragarh,3,3,5.398717277615887,5.066666666666667,100.0
Rudraprayag,Pauri Garhwal,2,2,6.857737562510872,6.4,100.0
Chamoli,Uttarkashi,4,3,5.804831992199342,5.625,75.0
Rudraprayag,Bageshwar,4,3,6.033554630703513,5.9750000000000005,75.0
Uttarkashi,Chamoli,6,4,5.489231994392227,5.333333333333333,66.66666666666667
Uttarkashi,Nainital,6,4,6.070007208619951,6.050000000000001,66.66666666666667
Pauri Garhwal,Champawat,3,2,6.233002847186083,6.166666666666667,66.66666666666667
Pithoragarh,Uttarkashi,8,5,4.921181420335859,4.775,62.5
Champawat,Chamoli,10,6,5.635972767637725,5.680000000000001,60.0
Champawat,Uttarkashi,5,3,6.1481392948374545,6.12,60.0
Haridwar,Chamoli,5,3,5.066345638131106,5.26,60.0
Tehri Garhwal,Uttarkashi,12,7,5.250308648549712,5.366666666666667,58.333333333333336
Chamoli,Pithoragarh,7,4,5.640299833591357,5.485714285714287,57.142857142857146
Almora,Rudraprayag,9,5,5.8710661310191075,6.022222222222222,55.55555555555556
Nainital,Chamoli,9,5,6.1446803535193855,5.866666666666667,55.55555555555556
Almora,Chamoli,14,7,5.469012616093847,5.464285714285714,50.0
Chamoli,Pauri Garhwal,8,4,5.102338108821176,5.2625,50.0
Chamoli,Almora,6,3,5.638937123554352,5.833333333333333,50.0
Chamoli,Champawat,6,3,4.9702996523895235,5.216666666666667,50.0
Haridwar,Uttarkashi,6,3,6.038804976319106,6.116666666666667,50.0
Pithoragarh,Rudraprayag,6,3,5.56981302793972,5.45,50.0
Rudraprayag,Nainital,6,3,5.170045148406783,5.2,50.0
Uttarkashi,Rudraprayag,6,3,6.2782041330626726,6.116666666666667,50.0
Chamoli,Haridwar,4,2,5.309516093208115,5.4,50.0
Uttarkashi,Almora,4,2,5.627324680594795,5.875,50.0
Bageshwar,Pithoragarh,7,3,5.828212463573613,5.928571428571429,42.857142857142854
Champawat,Nainital,7,3,5.392057492583301,5.485714285714286,42.857142857142854
Dehradun,Rudraprayag,7,3,5.664372766434073,5.685714285714286,42.857142857142854
Nainital,Rudraprayag,7,3,5.29019216680411,5.514285714285714,42.857142857142854
Pauri Garhwal,Pithoragarh,7,3,5.428238190064805,5.571428571428571,42.857142857142854
Pithoragarh,Chamoli,7,3,5.360469433044473,5.571428571428571,42.857142857142854
Bageshwar,Champawat,5,2,5.459824814911412,5.6,40.0
Bageshwar,Rudraprayag,5,2,6.230800294481523,6.26,40.0
Rudraprayag,Pithoragarh,5,2,5.08180827854239,5.26,40.0
Rudraprayag,Tehri Garhwal,5,2,5.551305490879675,5.6,40.0
Tehri Garhwal,Champawat,5,2,5.969891487051184,6.26,40.0
Udham Singh Nagar,Chamoli,5,2,5.576496541126259,5.840000000000001,40.0
Uttarkashi,Pithoragarh,8,3,6.059163904691471,6.1375,37.5
Haridwar,Rudraprayag,11,4,5.5720999149394395,5.754545454545455,36.36363636363637
Pauri Garhwal,Almora,11,4,5.6515378883125695,5.836363636363637,36.36363636363637
Udham Singh Nagar,Uttarkashi,15,5,5.202709123585239,5.373333333333334,33.333333333333336
Almora,Pithoragarh,6,2,5.854390870902642,6.116666666666667,33.333333333333336
Chamoli,Tehri Garhwal,6,2,5.81066589412072,6.0,33.333333333333336
Almora,Udham Singh Nagar,3,1,5.1168733763323875,5.6000000000000005,33.333333333333336
Bageshwar,Almora,3,1,6.322485383559737,6.400000000000001,33.333333333333336
Nainital,Pauri Garhwal,3,1,5.735052006462695,6.166666666666667,33.333333333333336
Rudraprayag,Haridwar,3,1,5.00286652250433,5.066666666666667,33.333333333333336
Uttarkashi,Tehri Garhwal,3,1,6.102522922532995,6.400000000000001,33.333333333333336
Chamoli,Nainital,13,4,5.66660482904469,5.8307692307692305,30.76923076923077
Nainital,Uttarkashi,10,3,5.26383060465981,5.26,30.0
Pauri Garhwal,Uttarkashi,10,3,5.635382881999908,5.66,30.0
Rudraprayag,Champawat,11,3,5.79379640322499,5.990909090909091,27.272727272727273
Almora,Champawat,8,2,5.509803962629514,5.8875,25.0
Pithoragarh,Champawat,8,2,5.273240511651096,5.5875,25.0
Tehri Garhwal,Udham Singh Nagar,8,2,5.172231416946298,5.7250000000000005,25.0
Bageshwar,Chamoli,4,1,6.0692335677313025,6.2250000000000005,25.0
Chamoli,Rudraprayag,4,1,4.210568655902816,4.3,25.0
Haridwar,Pithoragarh,4,1,5.231363065542183,5.575,25.0
Nainital,Champawat,4,1,5.493062516006258,5.800000000000001,25.0
Pauri Garhwal,Nainital,4,1,4.856153464752588,4.975,25.0
Pithoragarh,Nainital,4,1,6.203679549928296,6.4,25.0
Rudraprayag,Dehradun,4,1,5.150901146594105,5.225,25.0
Tehri Garhwal,Dehradun,4,1,4.7640289729411,5.225,25.0
Tehri Garhwal,Pauri Garhwal,4,1,5.512309960953861,5.800000000000001,25.0
Almora,Haridwar,9,2,5.823502937033609,6.166666666666667,22.22222222222222
Almora,Uttarkashi,9,2,5.466535760499131,5.800000000000001,22.22222222222222
Dehradun,Pithoragarh,9,2,5.261070931827345,5.511111111111111,22.22222222222222
Dehradun,Nainital,10,2,4.936857200386079,5.26,20.0
Udham Singh Nagar,Pauri Garhwal,10,2,4.552895408374668,4.95,20.0
Almora,Nainital,5,1,5.603605237170409,6.0600000000000005,20.0
Champawat,Rudraprayag,5,1,5.989493443769507,6.26,20.0
Champawat,Tehri Garhwal,5,1,4.553042091615747,4.94,20.0
Dehradun,Chamoli,5,1,4.4128150253236615,4.58,20.0
Nainital,Tehri Garhwal,5,1,6.093000157592707,6.26,20.0
Rudraprayag,Uttarkashi,5,1,4.909842641948478,5.08,20.0
Tehri Garhwal,Chamoli,5,1,5.328991237457554,5.58,20.0
Udham Singh Nagar,Tehri Garhwal,5,1,5.374475193711092,5.720000000000001,20.0
Uttarkashi,Pauri Garhwal,5,1,5.074224377659788,5.44,20.0
Champawat,Almora,11,2,5.425750829204042,5.9,18.181818181818183
Nainital,Udham Singh Nagar,6,1,5.594579248929981,6.116666666666667,16.666666666666668
Pauri Garhwal,Bageshwar,6,1,5.410972230693845,5.6000000000000005,16.666666666666668
Rudraprayag,Chamoli,6,1,5.726143498357392,5.716666666666668,16.666666666666668
Udham Singh Nagar,Pithoragarh,6,1,4.890611370003422,5.166666666666667,16.666666666666668
Udham Singh Nagar,Rudraprayag,6,1,5.361138885010611,5.716666666666668,16.666666666666668
Chamoli,Bageshwar,7,1,5.532162470952443,5.814285714285715,14.285714285714286
Champawat,Bageshwar,7,1,5.918210420833273,6.1571428571428575,14.285714285714286
Pauri Garhwal,Dehradun,7,1,5.0942169298269855,5.528571428571429,14.285714285714286
Pithoragarh,Almora,7,1,4.9101746689638,5.385714285714286,14.285714285714286
Pithoragarh,Udham Singh Nagar,7,1,5.548305390467259,6.057142857142858,14.285714285714286
Tehri Garhwal,Pithoragarh,7,1,5.095193354862915,5.257142857142858,14.285714285714286
Uttarkashi,Champawat,7,1,4.9720961727020505,5.485714285714286,14.285714285714286
Uttarkashi,Haridwar,7,1,5.679866452067737,5.957142857142857,14.285714285714286
Bageshwar,Pauri Garhwal,8,1,5.513374166524792,5.987500000000001,12.5
Bageshwar,Uttarkashi,8,1,5.469757163395376,5.6000000000000005,12.5
Tehri Garhwal,Almora,8,1,5.073734048216897,5.6000000000000005,12.5
Udham Singh Nagar,Nainital,9,1,5.889801443907844,6.166666666666667,11.11111111111111
Bageshwar,Udham Singh Nagar,10,1,5.52688698043733,5.99,10.0
Udham Singh Nagar,Champawat,12,1,5.632725990968896,5.966666666666668,8.333333333333334
Dehradun,Bageshwar,13,1,5.105289435770336,5.769230769230769,7.6923076923076925
Tehri Garhwal,Nainital,13,1,5.3952949717579575,5.792307692307692,7.6923076923076925
Almora,Dehradun,13,0,5.325286344044896,5.953846153846154,0.0
Haridwar,Almora,11,0,5.097398719333062,5.627272727272728,0.0
Haridwar,Nainital,11,0,5.35004427615577,5.963636363636365,0.0
Champawat,Haridwar,10,0,4.700399243366742,5.25,0.0
Udham Singh Nagar,Almora,10,0,4.786875110765367,5.35,0.0
Dehradun,Udham Singh Nagar,9,0,5.07609876665889,5.877777777777778,0.0
Nainital,Pithoragarh,9,0,5.121870533742403,5.555555555555555,0.0
Uttarkashi,Bageshwar,9,0,5.4877982529473535,5.955555555555556,0.0
Chamoli,Dehradun,8,0,4.932483375053181,5.5,0.0
Haridwar,Dehradun,8,0,5.003499686752907,5.675000000000001,0.0
Pauri Garhwal,Tehri Garhwal,8,0,5.613283705741139,6.0125,0.0
Pithoragarh,Haridwar,8,0,5.2240668928775955,5.8875,0.0
Udham Singh Nagar,Bageshwar,8,0,5.531610754062731,5.8875,0.0
Almora,Tehri Garhwal,7,0,4.995401732421669,5.571428571428571,0.0
Bageshwar,Tehri Garhwal,7,0,4.641579573551901,5.214285714285714,0.0
Dehradun,Champawat,7,0,4.868095666599705,5.428571428571429,0.0
Dehradun,Haridwar,7,0,4.825619900280074,5.757142857142858,0.0
Dehradun,Tehri Garhwal,7,0,5.557163839087925,6.057142857142858,0.0
Haridwar,Bageshwar,7,0,4.675087901367297,5.285714285714286,0.0
Haridwar,Udham Singh Nagar,7,0,4.531157440144769,5.514285714285714,0.0
Pauri Garhwal,Haridwar,7,0,5.255771235667004,5.757142857142858,0.0
Haridwar,Tehri Garhwal,6,0,4.412984454281175,5.016666666666667,0.0
Nainital,Dehradun,6,0,5.53293194759875,6.0,0.0
Nainital,Haridwar,6,0,4.948869115049743,5.716666666666668,0.0
Pithoragarh,Bageshwar,6,0,4.584054766197615,4.783333333333333,0.0
Pithoragarh,Tehri Garhwal,6,0,3.9176976288656893,4.3500000000000005,0.0
Tehri Garhwal,Bageshwar,6,0,5.313567069861342,5.733333333333333,0.0
Udham Singh Nagar,Haridwar,6,0,4.4153918463101895,5.3,0.0
Uttarkashi,Udham Singh Nagar,6,0,5.222096395495793,5.8500000000000005,0.0
Bageshwar,Haridwar,5,0,5.15601360837829,5.58,0.0
Bageshwar,Nainital,5,0,5.419853304066043,5.640000000000001,0.0
Chamoli,Udham Singh Nagar,5,0,4.9219266432992415,5.44,0.0
Dehradun,Pauri Garhwal,5,0,4.835834572680741,5.26,0.0
Haridwar,Pauri Garhwal,5,0,4.881121299998251,5.380000000000001,0.0
Pauri Garhwal,Chamoli,5,0,5.877190990552837,6.12,0.0
Pithoragarh,Dehradun,5,0,5.477983041674203,5.92,0.0
Rudraprayag,Almora,5,0,5.562543164478282,5.92,0.0
Almora,Pauri Garhwal,4,0,5.309564247026481,6.050000000000001,0.0
Bageshwar,Dehradun,4,0,5.538846444239697,6.050000000000001,0.0
Champawat,Dehradun,4,0,5.417221196218732,5.800000000000001,0.0
Haridwar,Champawat,4,0,4.725381421836108,5.225,0.0
Nainital,Almora,4,0,5.697866181498599,6.2250000000000005,0.0
Nainital,Bageshwar,4,0,4.971376038373252,5.375,0.0
Pauri Garhwal,Udham Singh Nagar,4,0,5.357583388484282,5.800000000000001,0.0
Uttarkashi,Dehradun,4,0,5.675608067810495,6.050000000000001,0.0
Almora,Bageshwar,3,0,5.426326188324336,6.166666666666667,0.0
Dehradun,Uttarkashi,3,0,5.83430122770924,6.166666666666667,0.0
Rudraprayag,Udham Singh Nagar,3,0,4.684411043908925,5.066666666666667,0.0
Tehri Garhwal,Rudraprayag,3,0,5.471380410636892,5.833333333333333,0.0
Champawat,Pauri Garhwal,2,0,4.854972457702564,5.2,0.0
Champawat,Udham Singh Nagar,2,0,4.208760384669965,4.75,0.0
Pauri Garhwal,Rudraprayag,2,0,5.544413275078583,6.050000000000001,0.0
Pithoragarh,Pauri Garhwal,2,0,5.985787563575499,6.4,0.0
Tehri Garhwal,Haridwar,2,0,3.7880371305575213,4.7,0.0
Udham Singh Nagar,Dehradun,2,0,4.754941098342189,5.7,0.0
Dehradun,Almora,1,0,5.696543856167125,6.4,0.0
